,Products
0,architectmade han bolle discus large grey
1,architectmade han bolle oscar
2,king bed luxury pillowtop mattress topper mat pad protector cover
3,king mattress topper wool underlay reversible mat pad protector
4,batavia high dining chair
5,king wash cotton sheet set yellow lime
6,lucca bed frame fabric gas lift storage grey king
7,criss cross carver dining chair
8,bonne daybe frame
9,florence metal bed frame base platform black king
10,batavia high carver dining chair
11,criss cross dining chair
12,azalea lead bed frame pu leather gas lift storage black king
13,savannah grey bed frame fabric gas lift storage king
14,vast furniture voucher
15,chester dining chair
16,chester carver dining chair
17,samson single daybe foam cover
18,rj living gift card
19,profile dining chair oak copenhagen grey
20,mimic table black marble
21,salang print cm x cm
22,cluster dining chair tan leather
23,rj living gift card
24,rj living gift card
25,rj living gift card
26,rj living gift card
27,dumple lhf chaise sofa silex denim
28,rj living gift card
29,enclose wall shelf cm oak
30,richard sapper
31,daniel stromborg
32,shelton mindel
33,rj living gift card
34,marc newson
35,jonathan olivares
36,isamu noguchi
37,george nakashima
38,ross lovegrove
39,maya lin
40,jehslaub
41,charles pfister
42,charles pollock
43,dan grabowski
44,alexander girard
45,frank gehry
46,formway design
47,don chadwick
48,lewis butler
49,marcel breuer
50,antenna design
51,ini archibong
52,david rockwell
53,richard schultz
54,eero saarinen
55,jens risom
56,piero lissoni
57,ludwig mies van der rohe
58,marc krusin
59,harry bertoia
60,edward barber jay osgerby
61,david adjaye
62,organization accent
63,monitor arm technology support
64,communication board
65,architectural
66,interior architecture
67,screen space divider
68,private office
69,technology distribution
70,open plan
71,architectmade han bolle bobby
72,ainsley table lamp black
73,outdoor table
74,desk bench
75,dine caf table
76,training table
77,coffee table
78,heightadjustable
79,meeting multiuse
80,table desk
81,addison table lamp jade
82,addison table lamp white
83,outdoor seating
84,lounge seating
85,work chair
86,seat
87,chair stool
88,verona chair
89,taylor chair
90,quinn chair
91,amalfi door credenza
92,lawson chair
93,sterling chair
94,lowe chair
95,irving chair
96,gracie chair
97,hawthorne chair
98,amalfi door credenza oil walnut
99,gramercy chair
100,amalfi door credenza bleach oiled walnut
101,cooper chair
102,charlie chair
103,catalina chair
104,belmont chair
105,carlisle chair
106,burnside chair
107,bel air chair
108,fremont chair
109,brook dining table
110,cahaba console
111,club bar table
112,lakeshore teak dining table
113,woodlawn teak table
114,banner
115,clayton gray home gift card
116,banner
117,grand opening banner
118,clearance sale banner sign
119,upholstery
120,ascent hilow desk
121,premium stretch sofa cover
122,antare coffee table
123,avery dining chair
124,antare end table
125,antare console table
126,post office shelving
127,beata light small
128,joyce cabinet
129,exdisplay
130,table desk
131,chair stool
132,peninsula ash dining table
133,signature round dining table
134,polygon pedestal dining table
135,flute column table
136,imperfect pedestal table
137,beetroot pedestal table
138,bobbin table
139,byron mini table
140,polygon pedestal table
141,pippy oak table
142,perfect table
143,nibbe table stool
144,flute block
145,byron table
146,part block
147,cocher drinker table
148,new bobbin shelve round
149,completely imperfect table
150,new flute ingot coffee table
151,design appointment
152,american leather ethan chair ottoman
153,american leather cumulus comfort air chair ottoman
154,american leather cloud comfort air chair ottoman
155,american leather como comfort air chair rock ottoman
156,american leather bella chair ottoman
157,american leather cirrus comfort air chair ottoman
158,american leather alessandro sofa loveseat chair
159,american leather carmet sofa loveseat chair
160,cabinetry
161,niche large chest drawer
162,solid baha boutique open wardrobe xxcm
163,chair hammock
164,cotton rope hammock
165,niche chest drawer
166,mop inlay drawer cabinet floral blush exdisplay
167,zoo table
168,hang strap
169,remy serve trolley
170,pile
171,moci table
172,adjustable hammock stand charcoal
173,vavoom gift card
174,height adjustable table
175,fry egg
176,sustainable furniture
177,boucl fabric
178,bar counter stool
179,rattan furniture
180,adjustable bed
181,stock offer stressless mayfair signature base chair stool
182,stock offer tempur elite king size mattress
183,hypnos orthocare classic kingsize divan mattress
184,stock offer emily seater sofa power
185,drink trolley
186,console
187,drinkware
188,home accessory
189,pbj design house
190,mirror
191,novibelo
192,centrepiece live dining furniture
193,venjakob
194,himolla
195,skovby
196,gwinner
197,ligne roset
198,natuzzi edition
199,orla kiely reduce sofas chair
200,tetrad sofas
201,bontempi
202,cattelan italia
203,duresta
204,collins hay
205,michael tyler
206,ercol furniture
207,brand
208,stressless dining
209,stressless quickship sofas chair
210,stressless accessory
211,stressless reclining sofas
212,stressless office chair
213,stressless recliner chair
214,stressless furniture
215,surfboard
216,desk office chair
217,modern coffee table
218,study table
219,living room storage
220,dine furniture
221,bed frame
222,special offer office
223,tito side height adjustable table w
224,office chair
225,sofas chair
226,sofas
227,live dining
228,tito side height adjustable table w
229,pash fold seminar table w nestable
230,rib lshape acoustic screen pet
231,madeline foldable portable table w
232,madeline foldable portable table w
233,reisha study table w
234,kasa midback office chair
235,maxi workstation w
236,jorca midback office chair
237,jorca highback office chair
238,hancisco armchair cantilever
239,eloyd midback office chair
240,eleanor sidechair legge
241,kiel armchair legge
242,edgar study table w
243,dynamo tablet armchair w fix glide nestable
244,dynamo tablet armchair w castors nestable
245,dynamo armchair w castor nestable
246,comfort acrylic shield w
247,comfort acrylic shield w access hole
248,comfort acrylic shield w
249,carson study table w
250,butcher x tito height adjustable table w
251,butcher x tito height adjustable table w
252,butcher x tito height adjustable table w
253,brody study table w
254,boris midback office chair
255,tempur
256,boris highback office chair
257,boost fold seminar table w nestable
258,boost fold seminar table w nestable
259,bingo midback office chair
260,benedict midback officestudy chair
261,apex study table w
262,apex study table w
263,apex study table w
264,special offer pet bed
265,dunlopillo
266,special offer acrylic shield pc guard
267,special offer restaurant pantry
268,special offer lobby break
269,special offer accessory
270,special offer light bulbs
271,special offer study room
272,special offer children furniture
273,special offer outdoor
274,banquet furniture
275,m solution
276,special offer bundle sale
277,pet bed
278,special offer dining room
279,special offer bedroom
280,special offer living room
281,children furniture
282,light bulbs
283,hypnos bed nottingham
284,bedframe
285,comfort acrylic shield pc guard
286,briquette kg bag collection
287,somnus
288,book design appointment
289,bedroom furniture
290,alek desk lamp
291,maine cottage gift card
292,amp bulb w lead eu e clear
293,shelby chair
294,bed bedroom furniture
295,big cay desk library hutch
296,judy dining chair paint
297,amp lamp glass small smoke
298,tip wall lamp
299,tip floor lamp
300,gift card
301,amp lamp glass large smoke
302,rise wall lamp eu petrol green
303,bau lamp small eu nature
304,bell lamp small eu sand
305,porta table lamp grey
306,norm lamp large white
307,norm lamp xlarge white
308,amp canopy pc white
309,norm lamp xlarge white
310,rise wall lamp eu yellow
311,porta table lamp white
312,amp lamp large eu whitewhite
313,bell lamp large eu sand
314,rise wall lamp eu black
315,norm lamp large white
316,rise wall lamp eu grey
317,norm lamp medium white
318,amp lamp small smokebrass
319,canopy white
320,sarah ceiling fixture tan
321,edmund pendant light clear maple
322,ava wall sconce tan hardwired
323,trumpet lamp large
324,rise wall lamp eu white
325,cherry candle holder
326,hugo barbell floor lamp natural
327,fairmount long oval mirror black
328,edmund pendant light clear maple
329,rice pattern tumbler set clear
330,amp lamp small eu goldgreen
331,edmund sconce black walnut
332,fairmount leather wide oval mirror tan
333,jack leather wood stool black
334,norm lamp large white
335,cord w fitting canopy eu white
336,norm lamp small white
337,norm lamp small white
338,amp lamp small eu smokeblack
339,amp lead bulb spiral w e eu dimmable
340,norm lamp small white
341,westlake cocktail table
342,westlake chairside table
343,westlake end table shelf
344,westlake tv console
345,westlake sofa table
346,porta table lamp black
347,westlake king panel bed
348,westlake queen panel bed
349,westlake cal king panel bed
350,westlake queen storage bed
351,bau lamp large eu nature
352,staingard plus year stain accidental damage cover fabric sofas armchair
353,staingard plus year stain accidental damage cover leather sofas armchair
354,amp lamp small eu whitewhite
355,amp lamp large eu smokebrass
356,amp lamp large eu smokeblack
357,satine mid century leather stool size color option
358,sabrina counter height stool
359,shelve usm haller
360,satine mid century stool size color option
361,storage usm haller
362,swe adjustable bar stool color option
363,circa modern adjustable barstool
364,wayne leather stool size color option
365,zola leather counter height stool black white
366,oahu modern backless adjustable barstool
367,chip modern backless adjustable barstool
368,amp lamp large eu goldgreen
369,mya velvet swivel stool color option
370,raymond antique dual tone bar
371,soli industrial stool size color option
372,roma sofa gunmetal
373,roma sectional pebble
374,stain samplesfee refunded sample return
375,roma sectional gunmetal
376,roma loveseat pebble
377,qw amish logan chair
378,roma loveseat gunmetal
379,roma chair gunmetal
380,roma chair pebble
381,evensong trellis chestnut
382,lulu dining chair
383,evensong trellis midnight
384,evensong trellis summer palace
385,chinoiserie stripe prestonfield blue
386,colonial teak table x cm
387,terracotta vase small
388,colonial teak table x cm
389,george teak round table cm
390,weave door basket
391,terracotta vase large
392,farmhouse reproduction pie safe
393,petite raise cutting board set
394,rustic wood cookbook stand
395,jute carpet x
396,jute carpet x
397,healthy animal small
398,tangelo lamp shade extra small
399,lucas teak mirror cm
400,shelly teak shelf low
401,alfre teak table
402,lucas teak extendable table x cm
403,lucas teak dining table x cm
404,lucas teak dining table x cm
405,michel teak dining table
406,george teak extendable table x cm
407,george teak bench
408,rooster hook
409,isabell bar stool
410,george teak table cm
411,charlottenborg coffee table
412,healthy animal large
413,carlo bar trolley
414,salsa bar stool
415,blue counter stool
416,luis bench
417,chain hang egg chair
418,roger stool
419,lucas teak console
420,alexander teak coffee table
421,wooly modern arm chair wool
422,craft modern grey mohair arm chair
423,vadar leather wing chair
424,craft associate modern wing chair large
425,camden armchair
426,arrange thing
427,elmstead loveseat
428,little partner gift card
429,riviera buffet cabinet
430,essence sideboard
431,doisy bedhead
432,linen tablecloth
433,agap coffee table
434,bozzolo swivel armchair
435,riviera dining table
436,ottoman leo
437,linen gingham napkin set napkin
438,elmstead armchair
439,chair legge chrome
440,fine bamboo blind
441,soft minimal
442,elmstead armchair
443,hasami mug medium gloss grey
444,sofa cover
445,sorensen teak slat round coffee table table bundle
446,sorensen teak slat round coffee table cm
447,sorensen teak slat round table cm
448,sorensen teak bench package cm cm cm
449,sorensen teak slat round table bundle x cm
450,sorensen teak bench cm
451,sorensen teak bench cm
452,screw
453,poni
454,pete wall sconce
455,formula
456,sponge cloth citrus orange
457,shale nightstand natural
458,fd contemporary oak bookcase headboard ecal king size
459,odot traditional oak drawer nightstand
460,odotq traditional oak bookcase headboard queen size
461,odotek traditional oak bookcase headboard king size
462,fd contemporary oak drawer nightstand
463,odotek traditional oak pedestal bed drawer king size
464,mug beaver
465,ow colonial chair
466,ch wishbone chair
467,click
468,norm floor mirror
469,heracleum ii s
470,flute round
471,slim extendable
472,shelf authentico zick zack
473,skyfall large
474,table animal mr jack cm
475,pet light
476,smoke armchair
477,nr suspension
478,lunch bag navy wax canvas nomad
479,clay pot metal stand
480,browser support
481,vintage railway signal lamp
482,boston dining chair whiskey
483,fenwick dining chair tan
484,fenwick dining chair black
485,jones dining chair tan
486,tanner dining chair tan
487,jones dining chair whiskey
488,tanner dining chair black
489,style home gift card
490,nantucket bedside table flat pack
491,door hutche
492,nantucket console table flat pack
493,twos company sleek chic glass bubble vase set
494,twos company sleek chic vase trio
495,twos company artisan carving set bud vase
496,french country furniture
497,cherry wood furniture
498,reclaim salvage barnwood furniture
499,solid walnut furniture
500,rustic wood furniture
501,queen anne furniture
502,twos company s natural rattan mirror
503,twos company indigo chevron wall mirror
504,twos company queen anne s silver vase
505,shaker furniture
506,mission furniture
507,mid century modern wood furniture
508,farmhouse furniture
509,art craft furniture
510,custom home entertainment center page
511,custom home entertainment center page
512,custom home entertainment center page
513,custom home entertainment center page
514,custom home entertainment center page
515,outdoor furniture accessory
516,amish picnic table
517,outdoor accent table
518,amish outdoor table
519,patio bench
520,amish porch swing
521,outdoor rock chair
522,outdoor loveseat sofas
523,outdoor lounge seating
524,amish adirondack chair
525,amish patio chair
526,amish outdoor furniture set
527,amish outdoor chair
528,children table chair
529,nursery night stand
530,wooden toy chest
531,solid wood nursery furniture set
532,baby dresser
533,change table dresser
534,baby kid furniture
535,live edge rustic living room furniture
536,mudroom entryway furniture
537,amish baby convertible crib youth bed
538,amish rock chair
539,curio display cabinet solid wood glass
540,arts crafts entertainment center
541,traditional entertainment center
542,mission entertainment center
543,solid wood corner tv stand cabinet
544,custom home entertainment center
545,wood wall entertainment center
546,amish tv stand
547,custom home entertainment center
548,amish sofa table
549,solid wood end table
550,upholstered living room chair
551,wooden love seat
552,amish living room furniture
553,amish living room furniture set
554,handmade amish sofas
555,french country bedroom furniture
556,contemporary bedroom furniture
557,queen anne bedroom furniture
558,shaker bedroom furniture
559,mission style bedroom furniture
560,traditional bedroom furniture
561,amish vanity
562,farmhouse bedroom furniture
563,live edge rustic bedroom furniture
564,storage chest trunk
565,amish nightstand
566,solid wood lingerie chest
567,chifferobe dresser
568,amish jewelry armoire
569,solid wood gentleman chest
570,solid wood dresser
571,cheval mirror
572,bedroom sideboard
573,solid wood wardrobe armoire
574,solid wood chest drawer
575,mid century bed bed frame
576,amish murphy bed
577,amish handmade bunk bed
578,shaker bed
579,mission style bed
580,modern bed
581,solid wood farmhouse bed
582,cannonball bed
583,solid wood storage bed
584,upholstered bed
585,solid wood sleigh bed frame
586,poster bed frame
587,amish platform bed
588,solid wood canopy bed
589,amish bed
590,wood panel bed frame
591,amish bed
592,rustic office furniture
593,office storage furniture
594,solid wood bedroom set
595,library table write desk
596,office credenza
597,solid wood bookcase
598,solid wood filing cabinet
599,wooden office chair
600,small desk solid wood
601,big wooden desk
602,conference room table
603,solid wood office desk hutche
604,wooden student desk
605,solid wood secretary desk
606,custom computer desk
607,u shape desk
608,corner l shape desk
609,amish solid wood office desk
610,solid wood executive desk
611,solid wood roll desk
612,amish office furniture
613,amish solid wood office desk
614,solid wood office furniture set
615,pull dining table
616,rustic live edge dining furniture
617,amish pantry cabinet kitchen storage furniture
618,solid wood wine cabinet
619,solid wood buffet
620,traditional china cabinet
621,contemporary hutch
622,shaker hutch
623,amish corner hutche cabinetry
624,farmhouse dining hutch
625,amish hutch pantry cabinet
626,mission style china cabinet
627,large hutch cabinet
628,small china cabinet
629,solid wood dining bench
630,amish hutch pantry cabinet
631,amish bar stool
632,wooden fold chair
633,upholstered wooden dining chair
634,windsor chair
635,mid century dining chair
636,press chair
637,bow chair
638,ladder chair
639,art craft dine chair
640,contemporary dining chair
641,traditional dining chair
642,french country dine chair
643,amish dining kitchen chair
644,shaker chair
645,mission chair
646,amish dining kitchen chair
647,farmhouse dining chair
648,american colonial style dining chair
649,amish kitchen island
650,solid wood breakfast nook
651,round solid wood dining table
652,mid century dining table
653,oval wood dining table
654,solid wood bar pub table
655,mission table
656,contemporary table
657,queen anne tables
658,shaker dining table
659,farmhouse dining table
660,wooden trestle table
661,refectory dining table
662,drop leaf table
663,butterfly leaf table
664,double pedestal dining table
665,amish leg table
666,round single pedestal table
667,solid wood dining kitchen table
668,solid wood dining kitchen table
669,solid wood dining room set
670,aloe stool exdisplay
671,year protection plan
672,aero lounge chair
673,upton organic cotton pillow set
674,cocoon pillow
675,aloe lounge chair exdisplay
676,aloe lounge chair
677,aloe stool
678,bonaldo big planet round low coffee table
679,atmosphera zero outdoor teak coffee table
680,atmosphera lobster round coffee table teak wood
681,atmosphera panarea ceramic coffee table
682,atmosphera frisbee teak garden table
683,atmosphera lobster sidetable teak
684,bline abra round steel coffee table
685,product category
686,product gallery
687,norwegian midcentury round teak coffee table ganddal mobelfabrik
688,midcentury round teak coffee table shelf sunburst
689,canadian midcentury coffee table solid african teak imperial
690,knoll saarinen tulip dining table oval
691,zinolin leather cream
692,zinolin leather soap
693,fritz hansen swan chair
694,zinolin textile clean
695,beetle dining chair conic base fully upholstered
696,bubble chair
697,midcentury table shelf solid african teak imperial
698,ro fri foot stool
699,zinolin furniture oil
700,eame aluminium chair ea
701,monaco outdoor dark rum dining table x
702,noir havana sideboard
703,drizzle multi green mat indooroutdoor
704,noir havana media unit
705,ivory velvetbone white queen bed versaille q acme vintage traditional
706,antique platinum queen bed versaille q acme vintage classic
707,tufte cherry oak queen bed q dresden acme victorian classic
708,tufte gold patina queen bed dresden q acme victorian classic
709,tufte cherry oak queen bedroom set pc dresden q acme victorian classic
710,beige fabric antique taupe king bed ek chelmsford acme classic
711,dark cherry king panel bed estrella ek acme classic traditional
712,beige fabric antique taupe queen bed q chelmsford acme classic
713,tufte gold patina queen bedroom set pc dresden q acme victorian classic
714,black velvet tufte king bedroom set p sophia galaxy home modern contemporary
715,brown gray queen size panel bed crown mark jaymes bqbe
716,white queen size panel bed crown mark maybelle bqbe
717,glam gray velvet crystal tufte queen bed sophia galaxy home modern contemporary
718,tundra ivory upholstered sleigh platform bed queen
719,tundra upholstered sleigh platform bed queen
720,crystal tufte grey velvet king size bed meridian furniture sophie
721,blue velvet tufte queen bedroom set p sophia galaxy home modern contemporary
722,gray color crown design panel bed acme furniture perine bdek
723,modern black velvet gold c king size panel bed vig modr legend
724,gray velvet tufte bedroom set p sophia galaxy home modern contemporary
725,white king size panel bed crown mark maybelle bkbe
726,brown gray king size panel bed crown mark jaymes bkbe
727,blue velvet channel tufte queen bed wle tulip galaxy home modern contemporary
728,weekender palm square outdoor toss cushion
729,ivory velvetbone white king bedroom set p wch versaille ek acme
730,covert fiesta rectangular outdoor toss cushion
731,night whisper apothecary candle
732,silver velvetantique platinum queen bed versaille q acme vintage classic
733,grid apothecary candle
734,salt rim apothecary candle
735,en provence apothecary candle
736,jazz tonic apothecary candle
737,smudgin apothecary candle
738,ivory velvetbone white queen bedroom set pc wdresser versaille q acme
739,metal frame rainbow bird wall dcor
740,monarch butterfly wall art h
741,golden bird branch metal wall dcor dia
742,ivory velvetbone white queen bedroom set p versaille q acme vintage
743,wise owl metal wall art
744,golden bird branch metal wall dcor h
745,laser cut metal tree cardinal wall art dia
746,zen thai buddha statue h
747,rest buddha resin statue h
748,tree life bird wall dcor dia
749,twotone pine tree forest
750,thai white buddha statue h
751,ivory velvetbone white king bedroom set p versaille ek acme vintage
752,black pine tree forest wall dcor
753,butterfly bamboo dinner plate
754,butterfly bamboo cup
755,north american bird cover mug strainer set
756,butterfly bamboo salad bowl
757,ivory velvetbone white queen bedroom set pc versaille q acme vintage
758,north american bird large mug
759,round wool coaster set
760,shit greeting card include sticker
761,rainbow nesting bowl set
762,north american bird match stick
763,square wool coaster set
764,camp song greeting card
765,blue velvet tufte king bedroom set p tulip galaxy home modern contemporary
766,world well greeting card
767,beautiful rare magical human birthday card
768,pawsitive vibe birthday card
769,blue bubble glass candle holder
770,blue bubble glass vase
771,hot diggity dog birthday card
772,terrazzo candlestick holder
773,ivory velvetbone white queen bedroom set p wch versaille q acme
774,stack geo taper candlestick holder
775,flower chess board coir doormat
776,floral yellow coir doormat
777,black hello coir doormat
778,dragonfly glitter coir doormat
779,dip glaze vase
780,wooden pillar candle holder
781,gray velvet tufte king bedroom set p tulip galaxy home modern contemporary
782,happy place coir doormat
783,ocean grey area rug indooroutdoor
784,urban silver area rug indooroutdoor
785,tree life bamboo wind chime
786,succulent green area rug indooroutdoor
787,ocean blue area rug indooroutdoor
788,black velvet channel tufte king bed wle tulip galaxy home modern contemporary
789,hello multi coir doormat
790,polaris verdigris wind chime
791,delano ivory area rug indooroutdoor
792,wind fantasy chime
793,marcus dark denim area rug indooroutdoor
794,delano greige area rug indooroutdoor
795,acacia outdoor position captain chair set
796,indooroutdoor chelsea sand dun carpet
797,acacia outdoor english bench
798,arcade balcony stool white set
799,stark bookshelf
800,ivory velvetbone white king bedroom set pc versaille ek acme vintage
801,narrow hammered drum end table antique brass
802,irondale modular bookcase
803,archie drawer cabinet
804,collin wooden green display cabinet
805,charlotte driftwood sideboard
806,george window cabinet
807,gia nightstand
808,montserrat lux outdoor sectional
809,natural laurent carve wooden storage chest
810,locarno driftwood drawer bedside table
811,james blue door wglass cabinet
812,lh imports kinsley club chair
813,ivory velvetbone white king bedroom set pc wdresser versaille ek acme
814,lh import beverly club chair
815,daniak dine chair dark grey
816,huxly accent chair grey weather brown
817,marlow dining chair black leather
818,irish coast african dusk slat chair
819,crossback chair
820,organic dining chair
821,remix dining chair
822,damascus bistro set
823,west extend dining table
824,organic dining table
825,santa marina conversation set
826,brittany sectional conversation set
827,monaco outdoor dark rum coffee table x
828,delano swivel chair loveseat set ciao indigo
829,monaco outdoor square table dark rum
830,element outdoor lounger
831,venice outdoor deep seat loveseat black set
832,lakeview outdoor dark rum table x
833,millcroft outdoor lounger
834,regency outdoor sofa
835,regency deep seat chair set
836,rockford rattan scoop seating set
837,rockford rattan loveseat
838,regency deep seat chair sofa set
839,genoa outdoor club chair set
840,genoa outdoor loveseat
841,swing lounge swivel rocker set white
842,lakeview outdoor dining chair
843,oasis outdoor dining arm chair
844,lakeview outdoor dining arm chair
845,bistro umbrella
846,connector kit
847,storage bin cover
848,junebug storage bin
849,monarch storage bin
850,pebble sofa bed
851,lume shoe stand large charcoal black
852,lume coat stand large charcoal black
853,deer shelf oak
854,biarritz french drawer cofee table furniture singapore rmy
855,biarritzfrench door corner tv stand tv console rmy
856,biarritz french door dvd entertainment unit tv console furniture singapore rmy
857,alabaster arm chandelier
858,williams globe crystal chandelier
859,post modern american chandelier hb
860,crystal chandelier l
861,crystal chandelier light
862,zayn recliner armchair fabric
863,hailey m console cabinet wood naturalblack
864,williams m console cabinet wood walnutgunmetal grey
865,hailey tall cabinet wood naturalblack
866,mallorca round coffee table wood cocoa
867,isabel m dine set wood natural
868,pietro extendable dining table sinter stone matte white
869,maisy m coffee table wood cocoa
870,luna m coffee table wood natural
871,ezio extendable dining table sinter stone matt grey
872,luna console cabinet wood natural
873,altis round coffee table wood natural
874,mason m dine table wood vintage oak
875,mason m dine set wood vintage oak
876,glacial plus mydream mattress
877,nature plush mydream mattress
878,relaxa mydream mattress
879,antoinette upholstered bed
880,emery storage bed frame
881,clearance delia m dine set wood natural
882,comfort sense mydream mattress
883,aimon m dine set wood cocoa
884,minerva lshape sofa fabric
885,alden bed frame
886,clearance suzetta m round dining set marble
887,valencia corner sofa half leather
888,reyna seater sofa fabric
889,sherry bed frame drawer
890,reyna seater sofa fabric
891,amano recliner armchair half leather
892,alison lshape recliner sofa half thick leather
893,nord chest drawer wood
894,amano seater recliner sofa half leather
895,amano seater recliner sofa half leather
896,bartley recliner armchair fabric
897,weston chest drawer wood
898,country settee
899,chest
900,basic table
901,nelson saucer crisscross bubble pendant lamp
902,embody chair fully load
903,costa blanca bedroom group
904,belpasso bedroom collection
905,novaluna foam veganleather platform bed
906,novaluna drudy bed italy
907,canova casegood
908,owl artwork
909,calistoga chair
910,timeless dining table
911,marshmallow ottoman
912,urban power recliner
913,corridor bar
914,fulton dresser
915,lazy susan
916,custom cushion
917,parker sofa
918,mushroom teak stool
919,turin sofa
920,chill sectional
921,ann chair
922,super chill
923,homosapien statue
924,agate lamp
925,trend chair
926,bull artwork
927,simon recliner
928,kiannah chair
929,aston recliner
930,rainy recliner
931,lory reclining sectional
932,divano sectional
933,glamour sectional
934,live sectional
935,patrik chair
936,super chill piece sectional
937,alfia chair
938,domonic chair
939,live loveseat
940,brera sofa
941,magnus power recliner
942,milan power recliner
943,milan seat recliner
944,monticello swivel chair
945,jakob power recliner
946,harstad power recliner
947,milan seat recliner
948,hans power recliner
949,elligton sectional
950,dallas power recliner
951,finn power recliner
952,axel power recliner
953,tenero sectional
954,bo power recliner
955,aria accent chair
956,entertainment unit tv unit oslo
957,angelina chaise sofa electric recliner
958,entertainment unit tv unit tamara
959,catherine coupe set
960,catherine champagne flute set
961,carnaby mid century furniture white sideboard
962,sofa table golden colour finish
963,mirror bedside table drawer silver antique finish charleston
964,resinteak pacific adirondack rock chair
965,adirondack ottoman
966,resinteak new classic outdoor rock chair
967,resinteak modern adirondack rock chair
968,gordon walters print tama
969,dibber planting tool
970,yoyo
971,frizzell oclock
972,mackenzie floor rug
973,seed shade
974,wooden soap keeper
975,nebraska floor rug
976,rimu bottle opener
977,polyteak compact table
978,io drum shade
979,stone floor mat
980,classic fold adirondack chair
981,element adirondack chair
982,traditional element adirondack chair
983,spray glow furniture polish
984,king size adirondack chair
985,croft nightstand
986,olivia nightstand
987,juniper coffee table
988,barn door coffee table
989,barn door table
990,alissa coffee table
991,jr twin solid wood low loft bed
992,lshape bunk bed cut panel
993,modern rattan door fireplace console
994,barn door fireplace
995,piece barndoor accent table set
996,contemporary metal wood table
997,lateral drawer metal x file cabinet
998,x leg writing desk
999,scandinavian door sideboard
1000,sloane drawer solid wood nightstand
1001,slide barn door tv stand
1002,sloane drawer solid wood dresser
1003,faux leather dining chair pack
1004,piece modern solid wood outdoor dining chair set
1005,piece modern chevron acacia outdoor chaise sectional coffee table
1006,contemporary metal tv stand
1007,gift voucher
1008,aaron white tobacco piece table set
1009,aaron dark weather piece table set
1010,aaron honey brown piece table set
1011,hole sugar mold
1012,hole sugar mold
1013,elliott gray buffet
1014,livingston white tobacco large cabinet
1015,carlos antique gray barn door tv stand
1016,emily distress white tv stand
1017,arch mango window mirror
1018,dawson white tobacco console cabinet
1019,carlos white barn door tv stand
1020,man father small wood sign
1021,alexa dish wall sign
1022,grant canap en tissu bleu
1023,chip stool
1024,portsea cushion
1025,blue sapphire cushion
1026,potato sack natural
1027,sys stool archini
1028,square barstool thonet
1029,buono ottomans archini
1030,anna stool
1031,bunya ottomans
1032,eame walnut stool herman miller
1033,bob moon bla station
1034,bob pouffe bla station
1035,round barstool thonet
1036,linz barstool thonet
1037,harley dining chair cream
1038,harley dining chair stone
1039,harley dining chair royal blue
1040,harley dine chair silver grey
1041,harley dine chair ocean
1042,leighton dining chair
1043,new arrival
1044,jars vase ceramic
1045,gift
1046,candle lighting
1047,basketware
1048,wall art
1049,faux plant
1050,pot planter
1051,cushion
1052,rug
1053,glassware tray
1054,light
1055,mirror screen
1056,outdoor uncover
1057,outdoor cover
1058,outdoor
1059,tv unit
1060,storage
1061,kitchen island
1062,chest drawer
1063,sideboard
1064,cupboard
1065,desk
1066,bench
1067,table
1068,headboard
1069,bedend
1070,stool
1071,othman
1072,artek stool
1073,anna stool
1074,artek rocket stool
1075,artek stool e
1076,la scala barstool arko
1077,del toro stool arko
1078,artek high chair k
1079,artek high stool
1080,noom serie stool actiu
1081,noom serie stool actiu
1082,launch stool gohome
1083,tulipa low stool gohome
1084,hollywood stool gohome
1085,grille stool gohome
1086,bridge small loveseat sofa build size
1087,james midcentury modern square end table w marble
1088,furniture removal dump
1089,nalynn midcentury modern dining chair natural white cotton blend fabric
1090,modern tv stand w door shelf grey
1091,midcentury modern tv stand walnut grey w shelves
1092,midcentury modern glass dining table w solid ash wood base
1093,florence mcm white low profile accent chair solid rubber wood frame
1094,modrest viviana midcentury modern coffee table w glass
1095,ledell midcentury modern glass coffee table
1096,midcentury tv stand walnut black w drawer cabinet
1097,duncan fabric accent chair
1098,modern concrete square coffee table w acrylic finish
1099,albert mcm accent lounge arm chair grey plush cushion fabric brush smoke frame
1100,mcm white smith fabric lounge arm chair sleek bronze steel leg
1101,anton mcm beige accent arm chair dark walnut frame
1102,audree rustic reclaimed wood dining table natural brown finish
1103,countour custom lsectional upholstered
1104,tiffany custom sofa stylish slope arm couch beige venice sand
1105,karsyn long farmhouse reclaim pine wood dining table cone shape leg
1106,merce custom couch midcentury sofa arm slope
1107,daphne wedge sectional
1108,tiffany lshape sofa sectional modern slope arm design
1109,opus customizable sectional couch round sofa arm wood leg
1110,monolith modern l sectional sofa order size color
1111,jasper custom sectional sofa l shape upholstered
1112,hang chair hammock footr
1113,large cotton brazilian hammock
1114,large mexican hammock
1115,cotton brazilian hammock
1116,howard miller brigid ii curio cabinet
1117,howard miller bunching bookcase
1118,anderson teak montego outdoor bar table set
1119,howard miller tamsin iii corner curio cabinet
1120,howard miller cheer bar
1121,howard miller northport bar
1122,howard miller niagara bar hutch
1123,howard miller niagara bar stool
1124,howard miller niagara bar console
1125,classic leather living room set livingroomset
1126,classic leather chair chair
1127,classic leather love seat
1128,tokyo armchair
1129,tokyo dining chair
1130,japan armchair
1131,sunproof adirondack cushion
1132,portsea traditional sun lounge cushion weather
1133,japan dine chair
1134,olivia sun lounge cushion
1135,steamer lounge cushion
1136,dolzago
1137,silky loop
1138,sareer pocket gel memory mattress
1139,sareer pocket spring mattress
1140,arrow accent chair leather
1141,arrow accent chair fabric
1142,sareer pocket memory matrah mattress
1143,sareer cool blue pocket memory matrah mattress
1144,sareer pocket sprung matrah mattress
1145,sareer matrah cool blue memory coil mattress
1146,sareer memory coil matrah mattress
1147,sareer memory foam matrah mattress
1148,sareer orthopaedic memory matrah mattress
1149,sareer kids memory foam matrah mattress
1150,sareer orthopaedic matrah mattress
1151,sareer economical matrah mattress
1152,adona elanza taper headboard queen bed wbox storage
1153,adona mystica murphy wallfolde single bed long wooden handle
1154,adona evita door wardrobe drawer long handle
1155,adona cordoba single bed panel headboard footboard
1156,adona tiara bedside table wdrawer open shelf
1157,adona adonica fusion bedside table wdrawer plywood
1158,adona festival gift card
1159,adona paloma bedside table w handleless drawer
1160,adona fiona light woodgrain finish bedside table w handleless drawer
1161,wall sconce
1162,new york ottoman
1163,tube lamp
1164,saladino lamp
1165,xxx breakfast table
1166,shoelace ottoman
1167,xxx dining table
1168,atlantic ottoman
1169,tripod pullup table
1170,tripod end table
1171,threelegge coffee table
1172,terrazzo table
1173,square duplex table ottoman
1174,rotunda table
1175,saladino desk
1176,game table
1177,chariot table
1178,barclay console
1179,large oval night table
1180,villa chair
1181,tulip chair
1182,tejas chair ottoman
1183,sleigh chair
1184,scallop chair
1185,millbrook chair
1186,trunk chair ottoman
1187,lounge chair
1188,lotus chair
1189,high recliner chair
1190,harley chair
1191,crystal chair
1192,club chair
1193,cassandra chair
1194,high villa chair
1195,calla chair
1196,tuscan sofa
1197,curve bench
1198,audrey chair
1199,villa settee
1200,lw perch stool
1201,bridge bench
1202,summer sofa
1203,shelter sofa
1204,santa barbara sofa
1205,spiral chaise lounge
1206,shelter sleeper sofa
1207,cromwell bench
1208,landau sofa
1209,trunk sofa
1210,high loveseat
1211,club sofa
1212,cape sofa
1213,audrey sofa
1214,angle sofa
1215,solitude
1216,kitchen
1217,dining room
1218,commercial
1219,bathroom
1220,live room
1221,black white abstract polished marble bowl
1222,bedroom
1223,thick cut petrify wood plate
1224,natural petrified wood plate
1225,monk bench
1226,single pedestal computer desk
1227,fill cabinet
1228,corner computer desk
1229,medium console table
1230,nest table
1231,cabinet
1232,large coffee table
1233,telephone table
1234,small tv unit
1235,corner tv unit
1236,nest table
1237,medium bookcase
1238,small narrow bookcase
1239,coffee table
1240,small cupboard drawer
1241,glaze display cabinet
1242,door cupboard
1243,large tv unit door
1244,small bookcase
1245,corner cabinet
1246,door sideboard
1247,small extend table
1248,door sideboard
1249,small dresser
1250,large extend table
1251,small door drawer sideboard
1252,mini extend table
1253,ladder dining chair
1254,triple pinch pleat curtain gpj baker calthorpe
1255,lilli seat garden swing seat
1256,pair triple pinch pleat curtain zoffany suzani archive embroidery
1257,lilli seat garden swing
1258,double pair triple pinch pleat curtain zoffany desert flower
1259,terassi seat garden swing seat
1260,pepe furniture protector
1261,terassi seat garden swing
1262,fox linen cushion
1263,bee cushion
1264,stack record player stand
1265,corston vinyl storage cube shelve
1266,wood sample
1267,marston wide console table mid century hairpin leg
1268,corston turntable stand
1269,stack record player stand minimalist square leg
1270,wiemann miami
1271,mayson roma collection
1272,wiemann miami
1273,maysons modena collection
1274,set cm x cm white marble table tulip arm chair
1275,mayson lazio collection
1276,maysons portofino drawer bedside
1277,set cm x cm black marble oval table tulip chair
1278,set cm white marble circular table tulip arm chair
1279,white carrara marble x cm oval table tulip chair
1280,set cm white marble circular table tulip chair
1281,set cm x cm walnut veneer oval table tulip arm cha
1282,set cm x cm white marble table tulip arm chair
1283,set cm x cm white oval tulip table tulip arm chair
1284,poster bed golden oak
1285,noho gift card
1286,noho topper
1287,lightly set
1288,bukumba abaca basket large
1289,brighton ladder rack med
1290,brighton ladder rack large
1291,bordeaux buffet
