tokens,ner_tags
"['architectmade', 'hans', 'bolling', 'oscar']","['O', 'O', 'O', 'O']"
"['architectmade', 'hans', 'bolling', 'discus', 'large', 'grey']","['O', 'O', 'O', 'O', 'O', 'O']"
"['ainsley', 'table', 'lamp', 'black']","['O', 'B-PRODUCT', 'B-PRODUCT', 'O']"
"['addison', 'table', 'lamp', 'white']","['O', 'B-PRODUCT', 'B-PRODUCT', 'O']"
"['architectmade', 'hans', 'bolling', 'bobby']","['O', 'O', 'O', 'O']"
"['bonne', 'daybed', 'frame']","['O', 'O', 'O']"
"['brooking', 'dining', 'table']","['O', 'O', 'B-PRODUCT']"
"['woodlawn', 'teak', 'table']","['O', 'O', 'B-PRODUCT']"
"['club', 'bar', 'table']","['O', 'O', 'B-PRODUCT']"
"['lakeshore', 'teak', 'dining', 'table']","['O', 'O', 'O', 'B-PRODUCT']"
"['cahaba', 'console']","['O', 'B-PRODUCT']"
"['taylor', 'chair']","['O', 'B-PRODUCT']"
"['sterling', 'chair']","['O', 'B-PRODUCT']"
"['quinn', 'chair']","['O', 'B-PRODUCT']"
"['hawthorne', 'chair']","['O', 'B-PRODUCT']"
"['verona', 'chair']","['O', 'B-PRODUCT']"
"['lawson', 'chair']","['O', 'B-PRODUCT']"
"['lowe', 'chair']","['O', 'B-PRODUCT']"
"['criss', 'cross', 'back', 'dining', 'chair']","['O', 'O', 'O', 'O', 'B-PRODUCT']"
"['batavia', 'high', 'back', 'dining', 'chair']","['O', 'O', 'O', 'O', 'B-PRODUCT']"
"['gramercy', 'chair']","['O', 'B-PRODUCT']"
"['chester', 'dining', 'chair']","['O', 'O', 'B-PRODUCT']"
"['fremont', 'chair']","['O', 'B-PRODUCT']"
"['irving', 'chair']","['O', 'B-PRODUCT']"
"['batavia', 'high', 'back', 'carver', 'dining', 'chair']","['O', 'O', 'O', 'O', 'O', 'B-PRODUCT']"
"['cooper', 'chair']","['O', 'B-PRODUCT']"
"['chester', 'carver', 'dining', 'chair']","['O', 'O', 'O', 'B-PRODUCT']"
"['gracie', 'chair']","['O', 'B-PRODUCT']"
"['criss', 'cross', 'back', 'carver', 'dining', 'chair']","['O', 'O', 'O', 'O', 'O', 'B-PRODUCT']"
"['carlisle', 'chair']","['O', 'B-PRODUCT']"
"['burnside', 'chair']","['O', 'B-PRODUCT']"
"['bel', 'air', 'chair']","['O', 'O', 'B-PRODUCT']"
"['catalina', 'chair']","['O', 'B-PRODUCT']"
"['belmont', 'chair']","['O', 'B-PRODUCT']"
"['charlie', 'chair']","['O', 'B-PRODUCT']"
"['rj', 'living', 'gift', 'card']","['O', 'O', 'O', 'O']"
"['profile', 'dining', 'chair', 'oak', 'copenhagen', 'grey']","['O', 'O', 'B-PRODUCT', 'O', 'O', 'O']"
"['rj', 'living', 'gift', 'card']","['O', 'O', 'O', 'O']"
"['enclose', 'wall', 'shelf', 'cm', 'oak']","['O', 'O', 'B-PRODUCT', 'O', 'O']"
"['mimic', 'side', 'table', 'black', 'marble']","['O', 'O', 'B-PRODUCT', 'O', 'O']"
"['salang', 'print', 'cm', 'x', 'cm']","['O', 'O', 'O', 'O', 'O']"
"['dumpling', 'lhf', 'chaise', 'sofa', 'silex', 'denim']","['O', 'O', 'O', 'B-PRODUCT', 'O', 'O']"
"['cluster', 'dining', 'chair', 'tan', 'leather']","['O', 'O', 'B-PRODUCT', 'O', 'O']"
"['rj', 'living', 'gift', 'card']","['O', 'O', 'O', 'O']"
"['rj', 'living', 'gift', 'card']","['O', 'O', 'O', 'O']"
"['rj', 'living', 'gift', 'card']","['O', 'O', 'O', 'O']"
"['rj', 'living', 'gift', 'card']","['O', 'O', 'O', 'O']"
"['rj', 'living', 'gift', 'card']","['O', 'O', 'O', 'O']"
"['charles', 'pfister']","['O', 'O']"
"['daniel', 'stromborg']","['O', 'O']"
"['richard', 'sapper']","['O', 'O']"
"['shelton', 'mindel']","['O', 'O']"
"['charles', 'pollock']","['O', 'O']"
"['jonathan', 'olivares']","['O', 'O']"
"['george', 'nakashima']","['O', 'O']"
"['isamu', 'noguchi']","['O', 'O']"
"['marc', 'newson']","['O', 'O']"
"['ross', 'lovegrove']","['O', 'O']"
"['formway', 'design']","['O', 'O']"
['jehslaub'],['O']
"['maya', 'lin']","['O', 'O']"
"['dan', 'grabowski']","['O', 'O']"
"['frank', 'gehry']","['O', 'O']"
"['marcel', 'breuer']","['O', 'O']"
"['alexander', 'girard']","['O', 'O']"
"['antenna', 'design']","['O', 'O']"
"['lewis', 'butler']","['O', 'O']"
"['don', 'chadwick']","['O', 'O']"
"['richard', 'schultz']","['O', 'O']"
"['eero', 'saarinen']","['O', 'O']"
"['jens', 'risom']","['O', 'O']"
"['ludwig', 'mies', 'van', 'der', 'rohe']","['O', 'O', 'O', 'O', 'O']"
"['piero', 'lissoni']","['O', 'O']"
"['marc', 'krusin']","['O', 'O']"
"['harry', 'bertoia']","['O', 'O']"
"['edward', 'barber', 'and', 'jay', 'osgerby']","['O', 'O', 'O', 'O', 'O']"
"['david', 'adjaye']","['O', 'O']"
"['organization', 'accent']","['O', 'O']"
"['ini', 'archibong']","['O', 'O']"
"['communication', 'boards']","['O', 'O']"
"['monitor', 'arms', 'technology', 'support']","['O', 'O', 'O', 'O']"
"['screens', 'space', 'dividers']","['O', 'O', 'O']"
['architectural'],['O']
"['david', 'rockwell']","['O', 'O']"
"['interior', 'architecture']","['O', 'O']"
"['technology', 'distribution']","['O', 'O']"
"['open', 'plan']","['O', 'O']"
"['private', 'office']","['O', 'O']"
"['side', 'coffee', 'tables']","['O', 'O', 'O']"
"['outdoor', 'tables']","['O', 'O']"
"['training', 'tables']","['O', 'O']"
"['dining', 'caf', 'tables']","['O', 'O', 'O']"
['heightadjustable'],['O']
"['desks', 'benching']","['O', 'O']"
"['meeting', 'multiuse']","['O', 'O']"
"['tables', 'desks']","['O', 'O']"
"['outdoor', 'seating']","['O', 'O']"
"['side', 'chairs', 'stools']","['O', 'O', 'O']"
"['lounge', 'seating']","['O', 'O']"
['seating'],['O']
"['work', 'chairs']","['O', 'O']"
"['samson', 'single', 'daybed', 'foam', 'and', 'cover']","['O', 'O', 'O', 'O', 'O', 'O']"
"['addison', 'table', 'lamp', 'jade']","['O', 'B-PRODUCT', 'B-PRODUCT', 'O']"
"['vast', 'furniture', 'voucher']","['O', 'B-PRODUCT', 'O']"
"['king', 'mattress', 'topper', 'wool', 'underlay', 'reversible', 'mat', 'pad', 'protector']","['O', 'B-PRODUCT', 'O', 'O', 'O', 'O', 'O', 'O', 'O']"
"['king', 'washed', 'cotton', 'sheet', 'set', 'yellow', 'lime']","['O', 'O', 'O', 'O', 'O', 'O', 'O']"
"['king', 'bedding', 'luxury', 'pillowtop', 'mattress', 'topper', 'mat', 'pad', 'protector', 'cover']","['O', 'O', 'O', 'O', 'B-PRODUCT', 'O', 'O', 'O', 'O', 'O']"
"['florence', 'metal', 'bed', 'frame', 'base', 'platform', 'black', 'king']","['O', 'O', 'B-PRODUCT', 'O', 'O', 'O', 'O', 'O']"
"['lucca', 'bed', 'frame', 'fabric', 'gas', 'lift', 'storage', 'grey', 'king']","['O', 'B-PRODUCT', 'O', 'O', 'O', 'O', 'O', 'O', 'O']"
"['azalea', 'led', 'bed', 'frame', 'pu', 'leather', 'gas', 'lift', 'storage', 'black', 'king']","['O', 'O', 'B-PRODUCT', 'O', 'O', 'O', 'O', 'O', 'O', 'O', 'O']"
"['savannah', 'grey', 'bed', 'frame', 'fabric', 'gas', 'lift', 'storage', 'king']","['O', 'O', 'B-PRODUCT', 'O', 'O', 'O', 'O', 'O', 'O']"
"['clayton', 'gray', 'home', 'gift', 'card']","['O', 'O', 'O', 'O', 'O']"
['cabinetry'],['O']
"['post', 'office', 'shelving']","['O', 'O', 'O']"
"['avery', 'dining', 'chair']","['O', 'O', 'B-PRODUCT']"
"['ascent', 'hilow', 'desk']","['O', 'O', 'B-PRODUCT']"
['hammocks'],['O']
"['antares', 'end', 'table']","['O', 'B-PRODUCT', 'I-PRODUCT']"
"['joyce', 'cabinet']","['O', 'B-PRODUCT']"
['exdisplay'],['O']
"['antares', 'coffee', 'table']","['O', 'B-PRODUCT', 'I-PRODUCT']"
"['beata', 'light', 'small']","['O', 'B-PRODUCT', 'O']"
"['tables', 'and', 'desks']","['O', 'O', 'O']"
"['antares', 'console', 'table']","['O', 'B-PRODUCT', 'B-PRODUCT']"
"['more', 'ways', 'to', 'shop']","['O', 'O', 'O', 'O']"
"['heating', 'lighting']","['O', 'O']"
"['outdoor', 'pillows']","['O', 'O']"
"['outdoor', 'rugs']","['O', 'O']"
"['patio', 'furniture']","['O', 'B-PRODUCT']"
"['chairs', 'and', 'stools']","['O', 'O', 'O']"
"['up', 'to', 'off', 'banner']","['O', 'O', 'O', 'O']"
"['up', 'to', 'off', 'banner']","['O', 'O', 'O', 'O']"
['upholstery'],['O']
"['clearance', 'sale', 'banner', 'sign']","['O', 'O', 'O', 'O']"
"['grand', 'opening', 'banner']","['O', 'O', 'O']"
"['amalfi', 'door', 'credenza', 'in', 'oiled', 'walnut']","['O', 'O', 'B-PRODUCT', 'O', 'O', 'O']"
"['amalfi', 'door', 'credenza']","['O', 'O', 'B-PRODUCT']"
"['amalfi', 'door', 'credenza', 'in', 'bleached', 'or', 'oiled', 'walnut']","['O', 'O', 'B-PRODUCT', 'O', 'O', 'O', 'O', 'O']"
"['peninsula', 'ash', 'dining', 'table']","['O', 'O', 'O', 'B-PRODUCT']"
"['polygon', 'pedestal', 'dining', 'table']","['O', 'O', 'O', 'B-PRODUCT']"
"['signature', 'round', 'dining', 'table']","['O', 'O', 'O', 'B-PRODUCT']"
"['design', 'appointment']","['O', 'O']"
"['imperfect', 'pedestal', 'table']","['O', 'O', 'B-PRODUCT']"
"['beetroot', 'pedestal', 'table']","['O', 'O', 'B-PRODUCT']"
"['byron', 'mini', 'side', 'table']","['O', 'O', 'O', 'B-PRODUCT']"
"['american', 'leather', 'ethan', 'chair', 'ottoman']","['O', 'O', 'O', 'B-PRODUCT', 'B-PRODUCT']"
"['fluted', 'column', 'side', 'table']","['O', 'O', 'O', 'B-PRODUCT']"
"['american', 'leather', 'cumulus', 'comfort', 'air', 'chair', 'ottoman']","['O', 'O', 'O', 'O', 'O', 'B-PRODUCT', 'B-PRODUCT']"
"['american', 'leather', 'cloud', 'comfort', 'air', 'chair', 'ottoman']","['O', 'O', 'O', 'O', 'O', 'B-PRODUCT', 'B-PRODUCT']"
"['american', 'leather', 'como', 'comfort', 'air', 'chair', 'rocking', 'ottoman']","['O', 'O', 'O', 'O', 'O', 'B-PRODUCT', 'O', 'B-PRODUCT']"
"['american', 'leather', 'carmet', 'sofa', 'loveseat', 'chair']","['O', 'O', 'O', 'B-PRODUCT', 'O', 'B-PRODUCT']"
"['american', 'leather', 'cirrus', 'comfort', 'air', 'chair', 'ottoman']","['O', 'O', 'O', 'O', 'O', 'B-PRODUCT', 'B-PRODUCT']"
"['polygon', 'pedestal', 'side', 'table']","['O', 'O', 'O', 'B-PRODUCT']"
"['american', 'leather', 'bella', 'chair', 'ottoman']","['O', 'O', 'O', 'B-PRODUCT', 'B-PRODUCT']"
"['american', 'leather', 'alessandro', 'sofa', 'loveseat', 'chair']","['O', 'O', 'O', 'B-PRODUCT', 'O', 'B-PRODUCT']"
"['byron', 'side', 'table']","['O', 'O', 'B-PRODUCT']"
"['bobbin', 'side', 'table']","['O', 'O', 'B-PRODUCT']"
"['completely', 'imperfect', 'side', 'table']","['O', 'O', 'O', 'B-PRODUCT']"
"['pippy', 'oak', 'side', 'table']","['O', 'O', 'O', 'B-PRODUCT']"
"['parted', 'block']","['O', 'O']"
"['cocher', 'drinkers', 'table']","['O', 'O', 'B-PRODUCT']"
"['perfect', 'side', 'table']","['O', 'O', 'B-PRODUCT']"
"['fluted', 'block']","['O', 'O']"
"['nibbe', 'table', 'stool']","['O', 'B-PRODUCT', 'B-PRODUCT']"
"['new', 'bobbin', 'shelving', 'round']","['O', 'O', 'O', 'O']"
"['new', 'fluted', 'ingot', 'coffee', 'table']","['O', 'O', 'O', 'B-PRODUCT', 'I-PRODUCT']"
"['premium', 'stretch', 'sofa', 'cover']","['O', 'O', 'B-PRODUCT', 'O']"
"['remy', 'serving', 'trolley']","['O', 'O', 'O']"
"['moci', 'table']","['O', 'B-PRODUCT']"
"['zoo', 'tables']","['O', 'O']"
['pile'],['O']
"['fried', 'egg']","['O', 'O']"
['surfboard'],['O']
"['briquettes', 'kg', 'bag', 'collection', 'only']","['O', 'O', 'O', 'O', 'O']"
"['mop', 'inlay', 'drawer', 'side', 'cabinet', 'floral', 'blush', 'exdisplay']","['O', 'O', 'O', 'O', 'B-PRODUCT', 'O', 'O', 'O']"
"['niche', 'chest', 'of', 'drawers']","['O', 'B-PRODUCT', 'O', 'O']"
"['beds', 'bedroom', 'furniture']","['O', 'O', 'B-PRODUCT']"
"['solid', 'baha', 'boutique', 'open', 'wardrobe', 'xxcm']","['O', 'O', 'O', 'O', 'B-PRODUCT', 'O']"
"['niche', 'large', 'chest', 'of', 'drawers']","['O', 'O', 'B-PRODUCT', 'O', 'O']"
"['vavoom', 'gift', 'cards']","['O', 'O', 'O']"
"['the', 'chair', 'hammock']","['O', 'B-PRODUCT', 'B-PRODUCT']"
['venjakob'],['O']
['himolla'],['O']
"['living', 'dining']","['O', 'O']"
"['stock', 'offer', 'tempur', 'elite', 'king', 'size', 'mattress']","['O', 'O', 'O', 'O', 'O', 'O', 'B-PRODUCT']"
"['sustainable', 'furniture']","['O', 'B-PRODUCT']"
"['height', 'adjustable', 'tables']","['O', 'O', 'O']"
"['adjustable', 'bed']","['O', 'B-PRODUCT']"
"['rattan', 'furniture']","['O', 'B-PRODUCT']"
"['boucl', 'fabric']","['O', 'O']"
"['special', 'offers', 'office']","['O', 'O', 'O']"
"['tito', 'sided', 'height', 'adjustable', 'table', 'w']","['O', 'O', 'O', 'O', 'B-PRODUCT', 'O']"
"['bar', 'counter', 'stools']","['O', 'O', 'O']"
"['office', 'chairs']","['O', 'O']"
"['all', 'sofas']","['O', 'O']"
"['study', 'tables']","['O', 'O']"
"['rib', 'lshaped', 'acoustic', 'screen', 'pet']","['O', 'O', 'O', 'B-PRODUCT', 'O']"
"['tito', 'sided', 'height', 'adjustable', 'table', 'w']","['O', 'O', 'O', 'O', 'B-PRODUCT', 'O']"
"['reisha', 'study', 'table', 'w']","['O', 'O', 'B-PRODUCT', 'O']"
"['pash', 'folding', 'seminar', 'table', 'w', 'nestable']","['O', 'O', 'O', 'B-PRODUCT', 'O', 'O']"
"['maxi', 'workstation', 'w']","['O', 'O', 'O']"
"['madeline', 'foldable', 'portable', 'table', 'w']","['O', 'O', 'O', 'B-PRODUCT', 'O']"
"['all', 'bed', 'frames']","['O', 'B-PRODUCT', 'O']"
"['madeline', 'foldable', 'portable', 'table', 'w']","['O', 'O', 'O', 'B-PRODUCT', 'O']"
"['kiel', 'armchair', 'legged']","['O', 'B-PRODUCT', 'O']"
"['kasa', 'midback', 'office', 'chair']","['O', 'O', 'B-PRODUCT', 'I-PRODUCT']"
"['jorca', 'midback', 'office', 'chair']","['O', 'O', 'B-PRODUCT', 'I-PRODUCT']"
"['jorca', 'highback', 'office', 'chair']","['O', 'O', 'B-PRODUCT', 'I-PRODUCT']"
"['hancisco', 'armchair', 'cantilevered']","['O', 'B-PRODUCT', 'O']"
"['eloyd', 'midback', 'office', 'chair']","['O', 'O', 'B-PRODUCT', 'I-PRODUCT']"
"['edgar', 'study', 'table', 'w']","['O', 'O', 'B-PRODUCT', 'O']"
"['eleanor', 'sidechair', 'legged']","['O', 'O', 'O']"
"['dynamo', 'tablet', 'armchair', 'w', 'fixed', 'glides', 'nestable']","['O', 'O', 'B-PRODUCT', 'O', 'O', 'O', 'O']"
"['dynamo', 'tablet', 'armchair', 'w', 'castors', 'nestable']","['O', 'O', 'B-PRODUCT', 'O', 'O', 'O']"
"['dynamo', 'armchair', 'w', 'castors', 'nestable']","['O', 'B-PRODUCT', 'O', 'O', 'O']"
"['comfort', 'acrylic', 'shield', 'w', 'access', 'hole']","['O', 'O', 'O', 'O', 'O', 'O']"
"['comfort', 'acrylic', 'shield', 'w']","['O', 'O', 'O', 'O']"
"['comfort', 'acrylic', 'shield', 'w']","['O', 'O', 'O', 'O']"
"['carson', 'study', 'table', 'w']","['O', 'O', 'B-PRODUCT', 'O']"
"['butcher', 'x', 'tito', 'height', 'adjustable', 'table', 'w']","['O', 'O', 'O', 'O', 'O', 'B-PRODUCT', 'O']"
"['butcher', 'x', 'tito', 'height', 'adjustable', 'table', 'w']","['O', 'O', 'O', 'O', 'O', 'B-PRODUCT', 'O']"
"['butcher', 'x', 'tito', 'height', 'adjustable', 'table', 'w']","['O', 'O', 'O', 'O', 'O', 'B-PRODUCT', 'O']"
"['brody', 'study', 'table', 'w']","['O', 'O', 'B-PRODUCT', 'O']"
"['boris', 'midback', 'office', 'chair']","['O', 'O', 'B-PRODUCT', 'I-PRODUCT']"
"['boris', 'highback', 'office', 'chair']","['O', 'O', 'B-PRODUCT', 'I-PRODUCT']"
"['boost', 'folding', 'seminar', 'table', 'w', 'nestable']","['O', 'O', 'O', 'B-PRODUCT', 'O', 'O']"
"['boost', 'folding', 'seminar', 'table', 'w', 'nestable']","['O', 'O', 'O', 'B-PRODUCT', 'O', 'O']"
"['bingo', 'midback', 'office', 'chair']","['O', 'O', 'B-PRODUCT', 'I-PRODUCT']"
"['benedict', 'midback', 'officestudy', 'chair']","['O', 'O', 'O', 'B-PRODUCT']"
"['apex', 'study', 'table', 'w']","['O', 'O', 'B-PRODUCT', 'O']"
"['apex', 'study', 'table', 'w']","['O', 'O', 'B-PRODUCT', 'O']"
"['apex', 'study', 'table', 'w']","['O', 'O', 'B-PRODUCT', 'O']"
"['special', 'offers', 'outdoor']","['O', 'O', 'O']"
"['special', 'offers', 'pet', 'beds']","['O', 'O', 'O', 'O']"
"['special', 'offers', 'acrylic', 'shields', 'pc', 'guards']","['O', 'O', 'O', 'O', 'O', 'O']"
"['special', 'offers', 'lobby', 'break', 'out']","['O', 'O', 'O', 'O', 'O']"
"['special', 'offers', 'restaurant', 'pantry']","['O', 'O', 'O', 'B-PRODUCT']"
"['special', 'offers', 'lights', 'bulbs']","['O', 'O', 'O', 'O']"
"['special', 'offers', 'study', 'room']","['O', 'O', 'O', 'O']"
"['special', 'offers', 'accessories']","['O', 'O', 'O']"
"['special', 'offers', 'bedroom']","['O', 'O', 'O']"
"['stock', 'offer', 'stressless', 'consul', 'classic', 'base', 'chair', 'stool']","['O', 'O', 'O', 'O', 'O', 'O', 'B-PRODUCT', 'B-PRODUCT']"
"['special', 'offers', 'childrens', 'furniture']","['O', 'O', 'O', 'B-PRODUCT']"
"['stock', 'offer', 'emily', 'seater', 'sofa', 'with', 'power']","['O', 'O', 'O', 'O', 'B-PRODUCT', 'O', 'O']"
"['hypnos', 'orthocare', 'classic', 'kingsize', 'divan', 'mattress']","['O', 'O', 'O', 'O', 'B-PRODUCT', 'B-PRODUCT']"
"['special', 'offers', 'dining', 'room']","['O', 'O', 'O', 'O']"
"['drinks', 'trolleys']","['O', 'O']"
['drinkware'],['O']
['consoles'],['O']
"['special', 'offers', 'living', 'room']","['O', 'O', 'O', 'O']"
"['lights', 'bulbs']","['O', 'O']"
"['banquet', 'furniture']","['O', 'B-PRODUCT']"
"['pet', 'beds']","['O', 'O']"
"['m', 'solutions']","['O', 'O']"
"['childrens', 'furniture']","['O', 'B-PRODUCT']"
['mirrors'],['O']
"['special', 'offers', 'bundle', 'sale']","['O', 'O', 'O', 'O']"
"['home', 'accessories']","['O', 'O']"
"['comfort', 'acrylic', 'shield', 'pc', 'guard']","['O', 'O', 'O', 'O', 'O']"
['novibelo'],['O']
"['pbj', 'design', 'house']","['O', 'O', 'O']"
"['centrepiece', 'living', 'dining', 'furniture']","['O', 'O', 'O', 'B-PRODUCT']"
['skovby'],['O']
['gwinner'],['O']
"['ligne', 'roset']","['O', 'O']"
"['natuzzi', 'editions']","['O', 'O']"
"['orla', 'kiely', 'reduced', 'sofas', 'chairs']","['O', 'O', 'O', 'O', 'O']"
"['tetrad', 'sofas']","['O', 'O']"
['bontempi'],['O']
"['cattelan', 'italia']","['O', 'O']"
['duresta'],['O']
"['collins', 'hayes']","['O', 'O']"
"['michael', 'tyler']","['O', 'O']"
"['ercol', 'furniture']","['O', 'B-PRODUCT']"
['brands'],['O']
"['stressless', 'dining']","['O', 'O']"
"['stressless', 'quickship', 'sofas', 'chairs']","['O', 'O', 'O', 'O']"
"['stressless', 'accessories']","['O', 'O']"
"['stressless', 'reclining', 'sofas']","['O', 'O', 'O']"
"['cotton', 'rope', 'hammock']","['O', 'O', 'B-PRODUCT']"
"['stressless', 'office', 'chairs']","['O', 'O', 'O']"
"['go', 'anywhere', 'hanging', 'straps']","['O', 'O', 'O', 'O']"
"['adjustable', 'hammock', 'stand', 'charcoal']","['O', 'B-PRODUCT', 'O', 'O']"
"['stressless', 'recliner', 'chairs']","['O', 'B-PRODUCT', 'O']"
"['stressless', 'furniture']","['O', 'B-PRODUCT']"
"['book', 'a', 'design', 'appointment']","['O', 'O', 'O', 'O']"
"['desks', 'office', 'chairs']","['O', 'O', 'O']"
"['modern', 'coffee', 'tables']","['O', 'O', 'O']"
"['living', 'room', 'storage']","['O', 'O', 'O']"
"['dining', 'furniture']","['O', 'B-PRODUCT']"
"['sofas', 'chairs']","['O', 'O']"
['tempur'],['O']
"['alek', 'desk', 'lamp']","['O', 'B-PRODUCT', 'B-PRODUCT']"
"['edmund', 'pendant', 'light', 'clear', 'maple']","['O', 'O', 'B-PRODUCT', 'O', 'O']"
"['sarah', 'ceiling', 'fixture', 'tan']","['O', 'O', 'O', 'O']"
"['ava', 'wall', 'sconce', 'tan', 'hardwired']","['O', 'O', 'B-PRODUCT', 'O', 'O']"
"['maine', 'cottage', 'gift', 'card']","['O', 'O', 'O', 'O']"
"['amp', 'bulb', 'w', 'led', 'eu', 'e', 'clear']","['O', 'O', 'O', 'O', 'O', 'O', 'O']"
['dunlopillo'],['O']
"['big', 'cay', 'desk', 'with', 'library', 'hutch']","['O', 'O', 'B-PRODUCT', 'O', 'O', 'B-PRODUCT']"
"['judy', 'dining', 'chair', 'painted']","['O', 'O', 'B-PRODUCT', 'O']"
"['shelby', 'chair']","['O', 'B-PRODUCT']"
"['amp', 'canopy', 'pcs', 'white']","['O', 'O', 'O', 'O']"
"['amp', 'lamp', 'small', 'eu', 'whitewhite']","['O', 'B-PRODUCT', 'O', 'O', 'O']"
"['porta', 'table', 'lamp', 'white']","['O', 'B-PRODUCT', 'B-PRODUCT', 'O']"
"['hypnos', 'beds', 'in', 'nottingham']","['O', 'O', 'O', 'O']"
"['rise', 'wall', 'lamp', 'eu', 'petrol', 'green']","['O', 'O', 'B-PRODUCT', 'O', 'O', 'O']"
['bedframes'],['O']
"['norm', 'lamp', 'xlarge', 'white']","['O', 'B-PRODUCT', 'O', 'O']"
"['porta', 'table', 'lamp', 'grey']","['O', 'B-PRODUCT', 'B-PRODUCT', 'O']"
"['norm', 'lamp', 'large', 'white']","['O', 'B-PRODUCT', 'O', 'O']"
['somnus'],['O']
"['norm', 'lamp', 'small', 'white']","['O', 'B-PRODUCT', 'O', 'O']"
"['bedroom', 'furniture']","['O', 'B-PRODUCT']"
"['norm', 'lamp', 'xlarge', 'white']","['O', 'B-PRODUCT', 'O', 'O']"
"['bau', 'lamp', 'large', 'eu', 'nature']","['O', 'B-PRODUCT', 'O', 'O', 'O']"
"['rise', 'wall', 'lamp', 'eu', 'yellow']","['O', 'O', 'B-PRODUCT', 'O', 'O']"
"['norm', 'lamp', 'small', 'white']","['O', 'B-PRODUCT', 'O', 'O']"
"['bell', 'lamp', 'large', 'eu', 'sand']","['O', 'B-PRODUCT', 'O', 'O', 'O']"
"['rise', 'wall', 'lamp', 'eu', 'black']","['O', 'O', 'B-PRODUCT', 'O', 'O']"
"['norm', 'lamp', 'large', 'white']","['O', 'B-PRODUCT', 'O', 'O']"
"['canopy', 'white']","['O', 'O']"
"['rise', 'wall', 'lamp', 'eu', 'grey']","['O', 'O', 'B-PRODUCT', 'O', 'O']"
"['norm', 'lamp', 'medium', 'white']","['O', 'B-PRODUCT', 'O', 'O']"
"['amp', 'lamp', 'small', 'smokebrass']","['O', 'B-PRODUCT', 'O', 'O']"
"['amp', 'lamp', 'large', 'eu', 'smokebrass']","['O', 'B-PRODUCT', 'O', 'O', 'O']"
"['rise', 'wall', 'lamp', 'eu', 'white']","['O', 'O', 'B-PRODUCT', 'O', 'O']"
"['amp', 'lamp', 'small', 'eu', 'goldgreen']","['O', 'B-PRODUCT', 'O', 'O', 'O']"
"['norm', 'lamp', 'large', 'white']","['O', 'B-PRODUCT', 'O', 'O']"
"['tip', 'floor', 'lamp']","['O', 'O', 'B-PRODUCT']"
"['tip', 'wall', 'lamp']","['O', 'O', 'B-PRODUCT']"
"['gift', 'card']","['O', 'O']"
"['cord', 'w', 'fitting', 'canopy', 'eu', 'white']","['O', 'O', 'O', 'O', 'O', 'O']"
"['fairmount', 'long', 'oval', 'mirror', 'black']","['O', 'O', 'O', 'B-PRODUCT', 'O']"
"['trumpet', 'lamp', 'large']","['O', 'B-PRODUCT', 'O']"
"['cherry', 'candle', 'holder']","['O', 'O', 'O']"
"['hugo', 'barbell', 'floor', 'lamp', 'natural']","['O', 'O', 'O', 'B-PRODUCT', 'O']"
"['norm', 'lamp', 'small', 'white']","['O', 'B-PRODUCT', 'O', 'O']"
"['edmund', 'sconce', 'black', 'walnut']","['O', 'B-PRODUCT', 'O', 'O']"
"['rice', 'patterned', 'tumblers', 'set', 'of', 'clear']","['O', 'O', 'O', 'O', 'O', 'O']"
"['edmund', 'pendant', 'light', 'clear', 'maple']","['O', 'O', 'B-PRODUCT', 'O', 'O']"
"['fairmount', 'leather', 'wide', 'oval', 'mirror', 'tan']","['O', 'O', 'O', 'O', 'B-PRODUCT', 'O']"
"['amp', 'led', 'bulb', 'spiral', 'w', 'e', 'eu', 'dimmable']","['O', 'O', 'O', 'O', 'O', 'O', 'O', 'O']"
"['jack', 'leather', 'and', 'wood', 'stool', 'black']","['O', 'O', 'O', 'O', 'B-PRODUCT', 'O']"
"['amp', 'lamp', 'small', 'eu', 'smokeblack']","['O', 'B-PRODUCT', 'O', 'O', 'O']"
"['westlake', 'cocktail', 'table']","['O', 'O', 'B-PRODUCT']"
"['amp', 'lamp', 'large', 'eu', 'goldgreen']","['O', 'B-PRODUCT', 'O', 'O', 'O']"
"['westlake', 'end', 'table', 'with', 'shelf']","['O', 'B-PRODUCT', 'I-PRODUCT', 'O', 'B-PRODUCT']"
"['westlake', 'chairside', 'table']","['O', 'O', 'B-PRODUCT']"
"['westlake', 'tv', 'console']","['O', 'O', 'B-PRODUCT']"
"['westlake', 'sofa', 'table']","['O', 'B-PRODUCT', 'B-PRODUCT']"
"['westlake', 'queen', 'panel', 'bed']","['O', 'O', 'O', 'B-PRODUCT']"
"['westlake', 'king', 'panel', 'bed']","['O', 'O', 'O', 'B-PRODUCT']"
"['amp', 'lamp', 'large', 'eu', 'smokeblack']","['O', 'B-PRODUCT', 'O', 'O', 'O']"
"['westlake', 'cal', 'king', 'panel', 'bed']","['O', 'O', 'O', 'O', 'B-PRODUCT']"
"['westlake', 'queen', 'storage', 'bed']","['O', 'O', 'O', 'B-PRODUCT']"
"['bell', 'lamp', 'small', 'eu', 'sand']","['O', 'B-PRODUCT', 'O', 'O', 'O']"
"['staingard', 'plus', 'year', 'stain', 'accidental', 'damage', 'cover', 'leather', 'sofas', 'armchairs']","['O', 'O', 'O', 'O', 'O', 'O', 'O', 'O', 'O', 'O']"
"['amp', 'lamp', 'glass', 'large', 'smoke']","['O', 'B-PRODUCT', 'O', 'O', 'O']"
"['staingard', 'plus', 'year', 'stain', 'accidental', 'damage', 'cover', 'fabric', 'sofas', 'armchairs']","['O', 'O', 'O', 'O', 'O', 'O', 'O', 'O', 'O', 'O']"
['nan'],['O']
"['bau', 'lamp', 'small', 'eu', 'nature']","['O', 'B-PRODUCT', 'O', 'O', 'O']"
['nan'],['O']
"['amp', 'lamp', 'glass', 'small', 'smoke']","['O', 'B-PRODUCT', 'O', 'O', 'O']"
['nan'],['O']
['nan'],['O']
['nan'],['O']
"['porta', 'table', 'lamp', 'black']","['O', 'B-PRODUCT', 'B-PRODUCT', 'O']"
"['bay', 'bridge', 'chair']","['O', 'O', 'B-PRODUCT']"
"['amp', 'lamp', 'large', 'eu', 'whitewhite']","['O', 'B-PRODUCT', 'O', 'O', 'O']"
"['venture', 'chair']","['O', 'B-PRODUCT']"
['pc'],['O']
"['storage', 'ca', 'usm', 'haller']","['O', 'O', 'O', 'O']"
"['shelving', 're', 'usm', 'haller']","['O', 'O', 'O', 'O']"
"['roma', 'sofa', 'gunmetal']","['O', 'B-PRODUCT', 'O']"
"['sabrina', 'counter', 'height', 'stool']","['O', 'O', 'O', 'B-PRODUCT']"
"['roma', 'sectional', 'pebble']","['O', 'O', 'O']"
"['satine', 'mid', 'century', 'leather', 'stool', 'in', 'sizes', 'and', 'color', 'options']","['O', 'O', 'O', 'O', 'B-PRODUCT', 'O', 'O', 'O', 'O', 'O']"
"['satine', 'mid', 'century', 'stool', 'in', 'sizes', 'and', 'color', 'options']","['O', 'O', 'O', 'B-PRODUCT', 'O', 'O', 'O', 'O', 'O']"
"['evensong', 'trellis', 'in', 'midnight']","['O', 'O', 'O', 'O']"
"['evensong', 'trellis', 'in', 'chestnut']","['O', 'O', 'O', 'O']"
"['evensong', 'trellis', 'in', 'summer', 'palace']","['O', 'O', 'O', 'O', 'O']"
"['chinoiserie', 'stripe', 'prestonfield', 'blue']","['O', 'O', 'O', 'O']"
"['vadar', 'leather', 'wing', 'chair']","['O', 'O', 'B-PRODUCT', 'I-PRODUCT']"
"['craft', 'associates', 'modern', 'wing', 'chairs', 'large']","['O', 'O', 'O', 'O', 'O', 'O']"
"['craft', 'modern', 'grey', 'mohair', 'arm', 'chair']","['O', 'O', 'O', 'O', 'O', 'B-PRODUCT']"
"['wooly', 'modern', 'arm', 'chair', 'in', 'wool']","['O', 'O', 'O', 'B-PRODUCT', 'O', 'O']"
"['roma', 'loveseat', 'pebble']","['O', 'O', 'O']"
"['roma', 'sectional', 'gunmetal']","['O', 'O', 'O']"
"['roma', 'loveseat', 'gunmetal']","['O', 'O', 'O']"
"['stain', 'samplesfee', 'refunded', 'when', 'samples', 'are', 'returned']","['O', 'O', 'O', 'O', 'O', 'O', 'O']"
"['roma', 'chair', 'pebble']","['O', 'B-PRODUCT', 'O']"
"['qw', 'amish', 'logan', 'side', 'chair']","['O', 'O', 'O', 'O', 'B-PRODUCT']"
"['roma', 'chair', 'gunmetal']","['O', 'B-PRODUCT', 'O']"
"['soli', 'industrial', 'stool', 'in', 'sizes', 'and', 'color', 'options']","['O', 'O', 'B-PRODUCT', 'O', 'O', 'O', 'O', 'O']"
"['mccade', 'reclining', 'sofa']","['O', 'O', 'B-PRODUCT']"
"['swing', 'adjustable', 'bar', 'stool', 'in', 'color', 'options']","['O', 'O', 'B-PRODUCT', 'I-PRODUCT', 'O', 'O', 'O']"
"['zola', 'leather', 'counter', 'height', 'stool', 'in', 'black', 'or', 'white']","['O', 'O', 'O', 'O', 'B-PRODUCT', 'O', 'O', 'O', 'O']"
"['wayne', 'leather', 'stool', 'in', 'sizes', 'and', 'color', 'options']","['O', 'O', 'B-PRODUCT', 'O', 'O', 'O', 'O', 'O']"
"['chip', 'modern', 'backless', 'adjustable', 'barstool']","['O', 'O', 'O', 'O', 'O']"
"['circa', 'modern', 'adjustable', 'barstool']","['O', 'O', 'O', 'O']"
"['oahu', 'modern', 'backless', 'adjustable', 'barstool']","['O', 'O', 'O', 'O', 'O']"
"['mya', 'velvet', 'swivel', 'stool', 'in', 'colors', 'options']","['O', 'O', 'O', 'B-PRODUCT', 'O', 'O', 'O']"
"['raymond', 'antique', 'dual', 'tone', 'bar']","['O', 'O', 'O', 'O', 'O']"
"['mccade', 'recliner']","['O', 'B-PRODUCT']"
"['lulu', 'dining', 'chair']","['O', 'O', 'B-PRODUCT']"
"['mccade', 'reclining', 'sofa', 'and', 'loveseat']","['O', 'O', 'B-PRODUCT', 'O', 'O']"
"['sofa', 'loveseat', 'and', 'recliner']","['B-PRODUCT', 'O', 'O', 'B-PRODUCT']"
"['the', 'elmstead', 'armchair']","['O', 'O', 'B-PRODUCT']"
"['uv', 'stick', 'spf']","['O', 'O', 'O']"
"['the', 'kingston', 'armchair']","['O', 'O', 'B-PRODUCT']"
"['little', 'partners', 'gift', 'card']","['O', 'O', 'O', 'O']"
"['chair', 'four', 'legged', 'chrome']","['B-PRODUCT', 'O', 'O', 'O']"
"['soft', 'minimal']","['O', 'O']"
"['fine', 'bamboo', 'blinds']","['O', 'O', 'O']"
"['hasami', 'mug', 'medium', 'gloss', 'grey']","['O', 'O', 'O', 'O', 'O']"
"['the', 'ebury', 'armchair']","['O', 'O', 'B-PRODUCT']"
"['the', 'langton', 'armchair']","['O', 'O', 'B-PRODUCT']"
"['woven', 'door', 'basket']","['O', 'O', 'O']"
"['petite', 'raised', 'cutting', 'boards', 'set', 'of']","['O', 'O', 'O', 'O', 'O', 'O']"
"['colonial', 'teak', 'table', 'x', 'cm']","['O', 'O', 'B-PRODUCT', 'O', 'O']"
"['colonial', 'teak', 'table', 'x', 'cm']","['O', 'O', 'B-PRODUCT', 'O', 'O']"
"['farmhouse', 'reproduction', 'pie', 'safe']","['O', 'O', 'O', 'O']"
"['rustic', 'wood', 'cookbook', 'stand']","['O', 'O', 'O', 'O']"
"['george', 'teak', 'round', 'table', 'cm']","['O', 'O', 'O', 'B-PRODUCT', 'O']"
"['terracotta', 'vase', 'small']","['O', 'O', 'O']"
"['terracotta', 'vase', 'large']","['O', 'O', 'O']"
"['jute', 'carpet', 'x']","['O', 'B-PRODUCT', 'O']"
"['jute', 'carpet', 'x']","['O', 'B-PRODUCT', 'O']"
"['healthy', 'animal', 'small']","['O', 'O', 'O']"
"['shelly', 'teak', 'shelves', 'low']","['O', 'O', 'O', 'O']"
"['tangelo', 'lamp', 'shade', 'extra', 'small']","['O', 'B-PRODUCT', 'O', 'O', 'O']"
"['lucas', 'teak', 'mirror', 'cm']","['O', 'O', 'B-PRODUCT', 'O']"
"['alfred', 'teak', 'side', 'table']","['O', 'O', 'O', 'B-PRODUCT']"
"['lucas', 'teak', 'dining', 'table', 'x', 'cm']","['O', 'O', 'O', 'B-PRODUCT', 'O', 'O']"
"['lucas', 'teak', 'dining', 'table', 'x', 'cm']","['O', 'O', 'O', 'B-PRODUCT', 'O', 'O']"
"['lucas', 'teak', 'extendable', 'table', 'x', 'cm']","['O', 'O', 'O', 'B-PRODUCT', 'O', 'O']"
"['michel', 'teak', 'dining', 'table']","['O', 'O', 'O', 'B-PRODUCT']"
"['george', 'teak', 'extendable', 'table', 'x', 'cm']","['O', 'O', 'O', 'B-PRODUCT', 'O', 'O']"
"['george', 'teak', 'bench']","['O', 'O', 'B-PRODUCT']"
"['rooster', 'hook']","['O', 'O']"
"['george', 'teak', 'table', 'cm']","['O', 'O', 'B-PRODUCT', 'O']"
"['isabell', 'bar', 'stool']","['O', 'B-PRODUCT', 'I-PRODUCT']"
"['healthy', 'animal', 'large']","['O', 'O', 'O']"
"['charlottenborg', 'coffee', 'table']","['O', 'B-PRODUCT', 'I-PRODUCT']"
"['carlo', 'bar', 'trolley']","['O', 'O', 'O']"
"['salsa', 'bar', 'stool']","['O', 'B-PRODUCT', 'I-PRODUCT']"
"['blues', 'counter', 'stool']","['O', 'O', 'B-PRODUCT']"
"['luis', 'bench']","['O', 'B-PRODUCT']"
"['chain', 'for', 'hanging', 'egg', 'chair']","['O', 'O', 'O', 'O', 'B-PRODUCT']"
"['roger', 'stool']","['O', 'B-PRODUCT']"
"['lucas', 'teak', 'console']","['O', 'O', 'B-PRODUCT']"
"['alexander', 'teak', 'coffee', 'table']","['O', 'O', 'B-PRODUCT', 'I-PRODUCT']"
"['essence', 'sideboard']","['O', 'B-PRODUCT']"
"['sofa', 'cover']","['B-PRODUCT', 'O']"
"['agap', 'coffee', 'table']","['O', 'B-PRODUCT', 'I-PRODUCT']"
"['doisy', 'bedhead']","['O', 'O']"
"['bozzolo', 'swivel', 'armchair']","['O', 'O', 'B-PRODUCT']"
"['ottoman', 'leo']","['B-PRODUCT', 'O']"
"['linen', 'tablecloth']","['O', 'O']"
"['sorensen', 'teak', 'slatted', 'round', 'coffee', 'table', 'side', 'table', 'bundle']","['O', 'O', 'O', 'O', 'B-PRODUCT', 'I-PRODUCT', 'O', 'B-PRODUCT', 'O']"
"['sorensen', 'teak', 'slatted', 'round', 'coffee', 'table', 'cm']","['O', 'O', 'O', 'O', 'B-PRODUCT', 'I-PRODUCT', 'O']"
"['sorensen', 'teak', 'slatted', 'round', 'side', 'table', 'bundle', 'x', 'cm']","['O', 'O', 'O', 'O', 'O', 'B-PRODUCT', 'O', 'O', 'O']"
"['sorensen', 'teak', 'slatted', 'round', 'side', 'table', 'cm']","['O', 'O', 'O', 'O', 'O', 'B-PRODUCT', 'O']"
"['sorensen', 'teak', 'bench', 'cm']","['O', 'O', 'B-PRODUCT', 'O']"
"['sorensen', 'teak', 'bench', 'cm']","['O', 'O', 'B-PRODUCT', 'O']"
"['riviera', 'buffet', 'cabinet']","['O', 'B-PRODUCT', 'B-PRODUCT']"
"['linen', 'gingham', 'napkin', 'set', 'of', 'napkins']","['O', 'O', 'O', 'O', 'O', 'O']"
"['riviera', 'dining', 'table']","['O', 'O', 'B-PRODUCT']"
"['sorensen', 'teak', 'bench', 'package', 'cm', 'cm', 'cm']","['O', 'O', 'B-PRODUCT', 'O', 'O', 'O', 'O']"
"['sponge', 'cloth', 'citrus', 'orange']","['O', 'O', 'O', 'O']"
['poni'],['O']
['formula'],['O']
['screw'],['O']
"['pete', 'wall', 'sconce']","['O', 'O', 'B-PRODUCT']"
"['shale', 'nightstand', 'natural']","['O', 'B-PRODUCT', 'O']"
"['fd', 'contemporary', 'oak', 'bookcase', 'headboard', 'ecal', 'king', 'size']","['O', 'O', 'O', 'B-PRODUCT', 'B-PRODUCT', 'O', 'O', 'O']"
"['odot', 'traditional', 'oak', 'drawer', 'nightstand']","['O', 'O', 'O', 'O', 'B-PRODUCT']"
"['odotq', 'traditional', 'oak', 'bookcase', 'headboard', 'queen', 'size']","['O', 'O', 'O', 'B-PRODUCT', 'B-PRODUCT', 'O', 'O']"
"['odotek', 'traditional', 'oak', 'bookcase', 'headboard', 'king', 'size']","['O', 'O', 'O', 'B-PRODUCT', 'B-PRODUCT', 'O', 'O']"
"['fd', 'contemporary', 'oak', 'drawer', 'nightstand']","['O', 'O', 'O', 'O', 'B-PRODUCT']"
"['odotek', 'traditional', 'oak', 'pedestal', 'bed', 'with', 'drawers', 'king', 'size']","['O', 'O', 'O', 'O', 'B-PRODUCT', 'O', 'O', 'O', 'O']"
"['mug', 'beaver']","['O', 'O']"
"['lunch', 'bag', 'navy', 'waxed', 'canvas', 'nomad']","['O', 'O', 'O', 'O', 'O', 'O']"
"['vintage', 'railway', 'signal', 'lamp']","['O', 'O', 'O', 'B-PRODUCT']"
"['clay', 'pot', 'with', 'metal', 'stand']","['O', 'O', 'O', 'O', 'O']"
"['ow', 'colonial', 'chair']","['O', 'O', 'B-PRODUCT']"
"['ch', 'wishbone', 'chair']","['O', 'O', 'B-PRODUCT']"
"['norm', 'floor', 'mirror']","['O', 'O', 'B-PRODUCT']"
"['to', 'go', 'click']","['O', 'O', 'O']"
"['heracleum', 'ii', 's']","['O', 'O', 'O']"
"['pet', 'lights']","['O', 'O']"
"['skyfall', 'large']","['O', 'O']"
"['flute', 'round']","['O', 'O']"
"['slim', 'extendable']","['O', 'O']"
"['shelf', 'authentico', 'zick', 'zack']","['B-PRODUCT', 'O', 'O', 'O']"
"['side', 'table', 'animal', 'mr', 'jack', 'cm']","['O', 'B-PRODUCT', 'O', 'O', 'O', 'O']"
"['browser', 'not', 'supported']","['O', 'O', 'O']"
"['smoke', 'armchair']","['O', 'B-PRODUCT']"
"['nr', 'suspension']","['O', 'O']"
"['nantucket', 'console', 'table', 'flat', 'packed']","['O', 'B-PRODUCT', 'B-PRODUCT', 'O', 'O']"
"['style', 'my', 'home', 'gift', 'card']","['O', 'O', 'O', 'O', 'O']"
"['nantucket', 'bedside', 'table', 'flat', 'packed']","['O', 'O', 'B-PRODUCT', 'O', 'O']"
"['twos', 'company', 'queen', 'annes', 's', 'silver', 'vases']","['O', 'O', 'O', 'O', 'O', 'O', 'O']"
"['twos', 'company', 'sleek', 'chic', 'glass', 'bubbles', 'vases', 'set']","['O', 'O', 'O', 'O', 'O', 'O', 'O', 'O']"
"['twos', 'company', 'sleek', 'chic', 'vase', 'trio']","['O', 'O', 'O', 'O', 'O', 'O']"
"['twos', 'company', 'artisan', 'carvings', 'set', 'of', 'bud', 'vases']","['O', 'O', 'O', 'O', 'O', 'O', 'O', 'O']"
"['twos', 'company', 'indigo', 'chevron', 'wall', 'mirror']","['O', 'O', 'O', 'O', 'O', 'B-PRODUCT']"
"['twos', 'company', 's', 'natural', 'rattan', 'mirrors']","['O', 'O', 'O', 'O', 'O', 'O']"
"['boston', 'dining', 'chair', 'whiskey']","['O', 'O', 'B-PRODUCT', 'O']"
"['fenwick', 'dining', 'chair', 'tan']","['O', 'O', 'B-PRODUCT', 'O']"
"['jones', 'dining', 'chair', 'whiskey']","['O', 'O', 'B-PRODUCT', 'O']"
"['jones', 'dining', 'chair', 'tan']","['O', 'O', 'B-PRODUCT', 'O']"
"['tanner', 'dining', 'chair', 'tan']","['O', 'O', 'B-PRODUCT', 'O']"
"['tanner', 'dining', 'chair', 'black']","['O', 'O', 'B-PRODUCT', 'O']"
"['fenwick', 'dining', 'chair', 'black']","['O', 'O', 'B-PRODUCT', 'O']"
"['rustic', 'wood', 'furniture']","['O', 'O', 'B-PRODUCT']"
"['french', 'country', 'furniture']","['O', 'O', 'B-PRODUCT']"
"['cherry', 'wood', 'furniture']","['O', 'O', 'B-PRODUCT']"
"['solid', 'walnut', 'furniture']","['O', 'O', 'B-PRODUCT']"
"['queen', 'anne', 'furniture']","['O', 'O', 'B-PRODUCT']"
"['shaker', 'furniture']","['O', 'B-PRODUCT']"
"['mid', 'century', 'modern', 'wood', 'furniture']","['O', 'O', 'O', 'O', 'B-PRODUCT']"
"['farmhouse', 'furniture']","['O', 'B-PRODUCT']"
"['mission', 'furniture']","['O', 'B-PRODUCT']"
"['arts', 'and', 'crafts', 'furniture']","['O', 'O', 'O', 'B-PRODUCT']"
"['reclaimed', 'and', 'salvaged', 'barnwood', 'furniture']","['O', 'O', 'O', 'O', 'B-PRODUCT']"
"['large', 'hutch', 'cabinets']","['O', 'B-PRODUCT', 'O']"
"['door', 'hutches']","['O', 'O']"
"['outdoor', 'furniture', 'accessories']","['O', 'B-PRODUCT', 'O']"
"['custom', 'home', 'entertainment', 'centers', 'all', 'page']","['O', 'O', 'O', 'O', 'O', 'O']"
"['amish', 'picnic', 'tables']","['O', 'O', 'O']"
"['outdoor', 'accent', 'tables']","['O', 'O', 'O']"
"['custom', 'home', 'entertainment', 'centers', 'all', 'page']","['O', 'O', 'O', 'O', 'O', 'O']"
"['amish', 'outdoor', 'tables']","['O', 'O', 'O']"
"['custom', 'home', 'entertainment', 'centers', 'all', 'page']","['O', 'O', 'O', 'O', 'O', 'O']"
"['outdoor', 'rocking', 'chairs']","['O', 'O', 'O']"
"['custom', 'home', 'entertainment', 'centers', 'all', 'page']","['O', 'O', 'O', 'O', 'O', 'O']"
"['custom', 'home', 'entertainment', 'centers', 'all', 'page']","['O', 'O', 'O', 'O', 'O', 'O']"
"['outdoor', 'lounge', 'seating']","['O', 'O', 'O']"
"['amish', 'porch', 'swings']","['O', 'O', 'O']"
"['patio', 'benches']","['O', 'O']"
"['outdoor', 'loveseats', 'sofas']","['O', 'O', 'O']"
"['amish', 'adirondack', 'chairs']","['O', 'O', 'O']"
"['amish', 'patio', 'chairs']","['O', 'O', 'O']"
"['amish', 'outdoor', 'furniture', 'sets']","['O', 'O', 'B-PRODUCT', 'O']"
"['amish', 'outdoor', 'chairs']","['O', 'O', 'O']"
"['childrens', 'tables', 'and', 'chairs']","['O', 'O', 'O', 'O']"
"['baby', 'kids', 'furniture']","['O', 'O', 'B-PRODUCT']"
"['nursery', 'night', 'stands']","['O', 'O', 'O']"
"['solid', 'wood', 'nursery', 'furniture', 'sets']","['O', 'O', 'O', 'B-PRODUCT', 'O']"
"['wooden', 'toy', 'chests']","['O', 'O', 'O']"
"['changing', 'table', 'dressers']","['O', 'B-PRODUCT', 'O']"
"['baby', 'dressers']","['O', 'O']"
"['amish', 'baby', 'convertible', 'cribs', 'youth', 'beds']","['O', 'O', 'O', 'O', 'O', 'O']"
"['live', 'edge', 'rustic', 'living', 'room', 'furniture']","['O', 'O', 'O', 'O', 'O', 'B-PRODUCT']"
"['mudroom', 'entryway', 'furniture']","['O', 'O', 'B-PRODUCT']"
"['amish', 'rocking', 'chairs']","['O', 'O', 'O']"
"['curio', 'display', 'cabinets', 'made', 'from', 'solid', 'wood', 'and', 'glass']","['B-PRODUCT', 'O', 'O', 'O', 'O', 'O', 'O', 'O', 'O']"
"['arts', 'and', 'crafts', 'entertainment', 'centers']","['O', 'O', 'O', 'O', 'O']"
"['custom', 'home', 'entertainment', 'centers']","['O', 'O', 'O', 'O']"
"['traditional', 'entertainment', 'centers']","['O', 'O', 'O']"
"['mission', 'entertainment', 'centers']","['O', 'O', 'O']"
"['solid', 'wood', 'corner', 'tv', 'stands', 'cabinets']","['O', 'O', 'O', 'O', 'O', 'O']"
"['amish', 'tv', 'stands']","['O', 'O', 'O']"
"['custom', 'home', 'entertainment', 'centers', 'all']","['O', 'O', 'O', 'O', 'O']"
"['wood', 'wall', 'entertainment', 'centers']","['O', 'O', 'O', 'O']"
"['amish', 'living', 'room', 'furniture']","['O', 'O', 'O', 'B-PRODUCT']"
"['solid', 'wood', 'end', 'tables']","['O', 'O', 'O', 'O']"
"['amish', 'sofa', 'tables']","['O', 'B-PRODUCT', 'O']"
"['amish', 'living', 'room', 'furniture', 'sets']","['O', 'O', 'O', 'B-PRODUCT', 'O']"
"['upholstered', 'living', 'room', 'chairs']","['O', 'O', 'O', 'O']"
"['wooden', 'love', 'seats']","['O', 'O', 'O']"
"['handmade', 'amish', 'sofas']","['O', 'O', 'O']"
"['queen', 'anne', 'bedroom', 'furniture']","['O', 'O', 'O', 'B-PRODUCT']"
"['contemporary', 'bedroom', 'furniture']","['O', 'O', 'B-PRODUCT']"
"['french', 'country', 'bedroom', 'furniture']","['O', 'O', 'O', 'B-PRODUCT']"
"['shaker', 'bedroom', 'furniture']","['O', 'O', 'B-PRODUCT']"
"['traditional', 'bedroom', 'furniture']","['O', 'O', 'B-PRODUCT']"
"['mission', 'style', 'bedroom', 'furniture']","['O', 'O', 'O', 'B-PRODUCT']"
"['farmhouse', 'bedroom', 'furniture']","['O', 'O', 'B-PRODUCT']"
"['amish', 'vanities']","['O', 'O']"
"['live', 'edge', 'rustic', 'bedroom', 'furniture']","['O', 'O', 'O', 'O', 'B-PRODUCT']"
"['storage', 'chests', 'and', 'trunks']","['O', 'O', 'O', 'O']"
"['amish', 'nightstands']","['O', 'O']"
"['solid', 'wood', 'gentlemans', 'chests']","['O', 'O', 'O', 'O']"
"['solid', 'wood', 'lingerie', 'chests']","['O', 'O', 'O', 'O']"
"['bedroom', 'sideboards']","['O', 'O']"
"['chifferobe', 'dressers']","['O', 'O']"
"['solid', 'wood', 'dressers']","['O', 'O', 'O']"
"['amish', 'jewelry', 'armoires']","['O', 'O', 'O']"
"['cheval', 'mirrors']","['O', 'O']"
"['mid', 'century', 'beds', 'bed', 'frames']","['O', 'O', 'O', 'B-PRODUCT', 'O']"
"['amish', 'murphy', 'beds']","['O', 'O', 'O']"
"['solid', 'wood', 'wardrobes', 'armoire']","['O', 'O', 'O', 'B-PRODUCT']"
"['solid', 'wood', 'chest', 'of', 'drawers']","['O', 'O', 'B-PRODUCT', 'O', 'O']"
"['amish', 'handmade', 'bunk', 'beds']","['O', 'O', 'O', 'O']"
"['solid', 'wood', 'sleigh', 'bed', 'frames']","['O', 'O', 'O', 'B-PRODUCT', 'O']"
"['cannonball', 'beds']","['O', 'O']"
"['mission', 'style', 'beds']","['O', 'O', 'O']"
"['solid', 'wood', 'farmhouse', 'beds']","['O', 'O', 'O', 'O']"
"['shaker', 'beds']","['O', 'O']"
"['modern', 'beds']","['O', 'O']"
"['four', 'poster', 'bed', 'frames']","['O', 'O', 'B-PRODUCT', 'O']"
"['amish', 'beds']","['O', 'O']"
"['solid', 'wood', 'canopy', 'beds']","['O', 'O', 'O', 'O']"
"['upholstered', 'beds']","['O', 'O']"
"['solid', 'wood', 'storage', 'beds']","['O', 'O', 'O', 'O']"
"['solid', 'wood', 'bedroom', 'sets']","['O', 'O', 'O', 'O']"
"['wood', 'panel', 'bed', 'frames']","['O', 'O', 'B-PRODUCT', 'O']"
"['amish', 'platform', 'beds']","['O', 'O', 'O']"
"['amish', 'beds', 'all']","['O', 'O', 'O']"
"['rustic', 'office', 'furniture']","['O', 'O', 'B-PRODUCT']"
"['office', 'storage', 'furniture']","['O', 'O', 'B-PRODUCT']"
"['library', 'tables', 'writing', 'desks']","['O', 'O', 'O', 'O']"
"['office', 'credenzas']","['O', 'O']"
"['solid', 'wood', 'bookcases']","['O', 'O', 'O']"
"['solid', 'wood', 'filing', 'cabinets']","['O', 'O', 'O', 'O']"
"['conference', 'room', 'tables']","['O', 'O', 'O']"
"['wooden', 'office', 'chairs']","['O', 'O', 'O']"
"['small', 'desks', 'made', 'from', 'solid', 'wood']","['O', 'O', 'O', 'O', 'O', 'O']"
"['big', 'wooden', 'desks']","['O', 'O', 'O']"
"['wooden', 'student', 'desks']","['O', 'O', 'O']"
"['solid', 'wood', 'office', 'desks', 'with', 'hutches']","['O', 'O', 'O', 'O', 'O', 'O']"
"['amish', 'solid', 'wood', 'office', 'desks']","['O', 'O', 'O', 'O', 'O']"
"['u', 'shaped', 'desks']","['O', 'O', 'O']"
"['solid', 'wood', 'secretary', 'desks']","['O', 'O', 'B-PRODUCT', 'O']"
"['amish', 'office', 'furniture']","['O', 'O', 'B-PRODUCT']"
"['custom', 'computer', 'desks']","['O', 'O', 'O']"
"['solid', 'wood', 'office', 'furniture', 'sets']","['O', 'O', 'O', 'B-PRODUCT', 'O']"
"['corner', 'l', 'shaped', 'desks']","['O', 'O', 'O', 'O']"
"['solid', 'wood', 'executive', 'desks']","['O', 'O', 'O', 'O']"
"['rustic', 'and', 'live', 'edge', 'dining', 'furniture']","['O', 'O', 'O', 'O', 'O', 'B-PRODUCT']"
"['solid', 'wood', 'roll', 'top', 'desks']","['O', 'O', 'O', 'O', 'O']"
"['pull', 'out', 'dining', 'tables']","['O', 'O', 'O', 'O']"
"['amish', 'solid', 'wood', 'office', 'desks', 'all']","['O', 'O', 'O', 'O', 'O', 'O']"
"['solid', 'wood', 'wine', 'cabinet']","['O', 'O', 'O', 'B-PRODUCT']"
"['amish', 'pantries', 'cabinets', 'kitchen', 'storage', 'furniture']","['O', 'O', 'O', 'O', 'O', 'B-PRODUCT']"
"['solid', 'wood', 'buffets']","['O', 'O', 'O']"
"['traditional', 'china', 'cabinets']","['O', 'O', 'O']"
"['mission', 'style', 'china', 'cabinets']","['O', 'O', 'O', 'O']"
"['amish', 'hutches', 'pantry', 'cabinets']","['O', 'O', 'B-PRODUCT', 'O']"
"['contemporary', 'hutches']","['O', 'O']"
"['shaker', 'hutches']","['O', 'O']"
"['wooden', 'folding', 'chairs']","['O', 'O', 'O']"
"['farmhouse', 'dining', 'hutches']","['O', 'O', 'O']"
"['small', 'china', 'cabinets']","['O', 'O', 'O']"
"['pressed', 'back', 'chairs']","['O', 'O', 'O']"
"['upholstered', 'wooden', 'dining', 'chairs']","['O', 'O', 'O', 'O']"
"['amish', 'corner', 'hutches', 'cabinetry']","['O', 'O', 'O', 'O']"
"['solid', 'wood', 'dining', 'benches']","['O', 'O', 'O', 'O']"
"['amish', 'bar', 'stools']","['O', 'O', 'O']"
"['french', 'country', 'dining', 'chairs']","['O', 'O', 'O', 'O']"
"['amish', 'hutches', 'pantry', 'cabinets', 'all']","['O', 'O', 'B-PRODUCT', 'O', 'O']"
"['mid', 'century', 'dining', 'chairs']","['O', 'O', 'O', 'O']"
"['bow', 'back', 'chairs']","['O', 'O', 'O']"
"['windsor', 'chairs']","['O', 'O']"
"['ladder', 'back', 'chairs']","['O', 'O', 'O']"
"['contemporary', 'dining', 'chairs']","['O', 'O', 'O']"
"['amish', 'dining', 'kitchen', 'chairs']","['O', 'O', 'O', 'O']"
"['arts', 'and', 'crafts', 'dining', 'chairs']","['O', 'O', 'O', 'O', 'O']"
"['shaker', 'chairs']","['O', 'O']"
"['traditional', 'dining', 'chairs']","['O', 'O', 'O']"
"['solid', 'wood', 'bar', 'top', 'pub', 'tables']","['O', 'O', 'O', 'O', 'O', 'O']"
"['mission', 'chairs']","['O', 'O']"
"['farmhouse', 'dining', 'chairs']","['O', 'O', 'O']"
"['american', 'colonial', 'style', 'dining', 'chairs']","['O', 'O', 'O', 'O', 'O']"
"['solid', 'wood', 'breakfast', 'nooks']","['O', 'O', 'O', 'O']"
"['amish', 'dining', 'kitchen', 'chairs', 'all']","['O', 'O', 'O', 'O', 'O']"
"['oval', 'wood', 'dining', 'tables']","['O', 'O', 'O', 'O']"
"['amish', 'kitchen', 'islands']","['O', 'O', 'O']"
"['mid', 'century', 'dining', 'tables']","['O', 'O', 'O', 'O']"
"['shaker', 'dining', 'tables']","['O', 'O', 'O']"
"['butterfly', 'leaf', 'tables']","['O', 'O', 'O']"
"['mission', 'tables']","['O', 'O']"
"['drop', 'leaf', 'tables']","['O', 'O', 'O']"
"['contemporary', 'tables']","['O', 'O']"
"['queen', 'anne', 'tables']","['O', 'O', 'O']"
"['round', 'solid', 'wood', 'dining', 'tables']","['O', 'O', 'O', 'O', 'O']"
"['farmhouse', 'dining', 'tables']","['O', 'O', 'O']"
"['round', 'single', 'pedestal', 'tables']","['O', 'O', 'O', 'O']"
"['solid', 'wood', 'dining', 'kitchen', 'tables']","['O', 'O', 'O', 'O', 'O']"
"['solid', 'wood', 'dining', 'kitchen', 'tables', 'all']","['O', 'O', 'O', 'O', 'O', 'O']"
"['refectory', 'dining', 'tables']","['O', 'O', 'O']"
"['year', 'protection', 'plan']","['O', 'O', 'O']"
"['the', 'upton', 'organic', 'cotton', 'pillow', 'set', 'of']","['O', 'O', 'O', 'O', 'B-PRODUCT', 'O', 'O']"
"['the', 'cocoon', 'pillow']","['O', 'O', 'B-PRODUCT']"
"['solid', 'wood', 'dining', 'room', 'sets']","['O', 'O', 'O', 'O', 'O']"
"['aloe', 'stool', 'exdisplay']","['O', 'B-PRODUCT', 'O']"
"['aloe', 'lounge', 'chair', 'exdisplay']","['O', 'B-PRODUCT', 'I-PRODUCT', 'O']"
"['aloe', 'stool']","['O', 'B-PRODUCT']"
"['wooden', 'trestle', 'table']","['O', 'O', 'B-PRODUCT']"
"['double', 'pedestal', 'dining', 'tables']","['O', 'O', 'O', 'O']"
"['product', 'galleries']","['O', 'O']"
"['aloe', 'lounge', 'chair']","['O', 'B-PRODUCT', 'I-PRODUCT']"
"['aero', 'lounge', 'chair']","['O', 'B-PRODUCT', 'I-PRODUCT']"
"['amish', 'leg', 'tables']","['O', 'O', 'O']"
"['product', 'categories']","['O', 'O']"
"['start', 'your']","['O', 'O']"
"['bonaldo', 'big', 'planet', 'round', 'low', 'coffee', 'table']","['O', 'O', 'O', 'O', 'O', 'B-PRODUCT', 'I-PRODUCT']"
"['atmosphera', 'lobster', 'round', 'coffee', 'table', 'teak', 'wood']","['O', 'O', 'O', 'B-PRODUCT', 'I-PRODUCT', 'O', 'O']"
"['canadian', 'midcentury', 'coffee', 'table', 'in', 'solid', 'african', 'teak', 'by', 'imperial']","['O', 'O', 'B-PRODUCT', 'I-PRODUCT', 'O', 'O', 'O', 'O', 'O', 'O']"
"['midcentury', 'round', 'teak', 'coffee', 'table', 'with', 'shelf', 'and', 'sunburst', 'top']","['O', 'O', 'O', 'B-PRODUCT', 'I-PRODUCT', 'O', 'B-PRODUCT', 'O', 'O', 'O']"
"['zinolin', 'leather', 'cream']","['O', 'O', 'O']"
"['norwegian', 'midcentury', 'round', 'teak', 'coffee', 'table', 'by', 'ganddal', 'mobelfabrik']","['O', 'O', 'O', 'O', 'B-PRODUCT', 'I-PRODUCT', 'O', 'O', 'O']"
"['midcentury', 'side', 'table', 'with', 'shelf', 'in', 'solid', 'african', 'teak', 'by', 'imperial']","['O', 'O', 'B-PRODUCT', 'O', 'B-PRODUCT', 'O', 'O', 'O', 'O', 'O', 'O']"
"['zinolin', 'textile', 'cleaner']","['O', 'O', 'O']"
"['zinolin', 'leather', 'soap']","['O', 'O', 'O']"
"['zinolin', 'furniture', 'oil']","['O', 'B-PRODUCT', 'O']"
"['atmosphera', 'panarea', 'ceramic', 'coffee', 'table']","['O', 'O', 'O', 'B-PRODUCT', 'I-PRODUCT']"
"['atmosphera', 'zero', 'outdoor', 'teak', 'coffee', 'table']","['O', 'O', 'O', 'O', 'B-PRODUCT', 'I-PRODUCT']"
"['atmosphera', 'frisbee', 'teak', 'garden', 'side', 'table']","['O', 'O', 'O', 'O', 'O', 'B-PRODUCT']"
"['atmosphera', 'lobster', 'sidetable', 'in', 'teak']","['O', 'O', 'O', 'O', 'O']"
"['bline', 'abra', 'round', 'steel', 'coffee', 'table']","['O', 'O', 'O', 'O', 'B-PRODUCT', 'I-PRODUCT']"
"['tree', 'of', 'life', 'with', 'birds', 'wall', 'dcor', 'dia']","['O', 'O', 'O', 'O', 'O', 'O', 'O', 'O']"
"['monaco', 'outdoor', 'dark', 'rum', 'dining', 'table', 'x']","['O', 'O', 'O', 'O', 'O', 'B-PRODUCT', 'O']"
"['knoll', 'saarinen', 'tulip', 'dining', 'table', 'oval']","['O', 'O', 'O', 'O', 'B-PRODUCT', 'O']"
"['ivory', 'velvetbone', 'white', 'queen', 'bed', 'versailles', 'q', 'acme', 'vintage', 'traditional']","['O', 'O', 'O', 'O', 'B-PRODUCT', 'O', 'O', 'O', 'O', 'O']"
"['fritz', 'hansen', 'swan', 'chair']","['O', 'O', 'O', 'B-PRODUCT']"
"['dark', 'cherry', 'king', 'panel', 'bed', 'estrella', 'ek', 'acme', 'classic', 'traditional']","['O', 'O', 'O', 'O', 'B-PRODUCT', 'O', 'O', 'O', 'O', 'O']"
"['tufted', 'cherry', 'oak', 'queen', 'bed', 'q', 'dresden', 'acme', 'victorian', 'classic']","['O', 'O', 'O', 'O', 'B-PRODUCT', 'O', 'O', 'O', 'O', 'O']"
"['tufted', 'gold', 'patina', 'queen', 'bed', 'dresden', 'q', 'acme', 'victorian', 'classic']","['O', 'O', 'O', 'O', 'B-PRODUCT', 'O', 'O', 'O', 'O', 'O']"
"['antique', 'platinum', 'queen', 'bed', 'versailles', 'q', 'acme', 'vintage', 'classic']","['O', 'O', 'O', 'B-PRODUCT', 'O', 'O', 'O', 'O', 'O']"
"['tufted', 'cherry', 'oak', 'queen', 'bedroom', 'set', 'pcs', 'dresden', 'q', 'acme', 'victorian', 'classic']","['O', 'O', 'O', 'O', 'O', 'O', 'O', 'O', 'O', 'O', 'O', 'O']"
"['glam', 'gray', 'velvet', 'crystal', 'tufted', 'queen', 'bed', 'sophia', 'galaxy', 'home', 'modern', 'contemporary']","['O', 'O', 'O', 'O', 'O', 'O', 'B-PRODUCT', 'O', 'O', 'O', 'O', 'O']"
"['brown', 'gray', 'queen', 'size', 'panel', 'bed', 'by', 'crown', 'mark', 'jaymes', 'bqbed']","['O', 'O', 'O', 'O', 'O', 'B-PRODUCT', 'O', 'O', 'O', 'O', 'O']"
"['black', 'velvet', 'tufted', 'king', 'bedroom', 'set', 'p', 'sophia', 'galaxy', 'home', 'modern', 'contemporary']","['O', 'O', 'O', 'O', 'O', 'O', 'O', 'O', 'O', 'O', 'O', 'O']"
"['white', 'queen', 'size', 'panel', 'bed', 'by', 'crown', 'mark', 'maybelle', 'bqbed']","['O', 'O', 'O', 'O', 'B-PRODUCT', 'O', 'O', 'O', 'O', 'O']"
"['blue', 'velvet', 'tufted', 'queen', 'bedroom', 'set', 'p', 'sophia', 'galaxy', 'home', 'modern', 'contemporary']","['O', 'O', 'O', 'O', 'O', 'O', 'O', 'O', 'O', 'O', 'O', 'O']"
"['crystal', 'tufting', 'grey', 'velvet', 'king', 'size', 'bed', 'meridian', 'furniture', 'sophie']","['O', 'O', 'O', 'O', 'O', 'O', 'B-PRODUCT', 'O', 'B-PRODUCT', 'O']"
"['gray', 'velvet', 'tufted', 'full', 'bedroom', 'set', 'p', 'sophia', 'galaxy', 'home', 'modern', 'contemporary']","['O', 'O', 'O', 'O', 'O', 'O', 'O', 'O', 'O', 'O', 'O', 'O']"
"['silver', 'velvetantique', 'platinum', 'queen', 'bed', 'versailles', 'q', 'acme', 'vintage', 'classic']","['O', 'O', 'O', 'O', 'B-PRODUCT', 'O', 'O', 'O', 'O', 'O']"
['jandjtreasuretrovenet'],['O']
"['blue', 'velvet', 'channel', 'tufted', 'queen', 'bed', 'wled', 'tulip', 'galaxy', 'home', 'modern', 'contemporary']","['O', 'O', 'O', 'O', 'O', 'B-PRODUCT', 'O', 'O', 'O', 'O', 'O', 'O']"
"['tufted', 'gold', 'patina', 'queen', 'bedroom', 'set', 'pcs', 'dresden', 'q', 'acme', 'victorian', 'classic']","['O', 'O', 'O', 'O', 'O', 'O', 'O', 'O', 'O', 'O', 'O', 'O']"
"['beige', 'fabric', 'antique', 'taupe', 'king', 'bed', 'ek', 'chelmsford', 'acme', 'classic']","['O', 'O', 'O', 'O', 'O', 'B-PRODUCT', 'O', 'O', 'O', 'O']"
"['beige', 'fabric', 'antique', 'taupe', 'queen', 'bed', 'q', 'chelmsford', 'acme', 'classic']","['O', 'O', 'O', 'O', 'O', 'B-PRODUCT', 'O', 'O', 'O', 'O']"
"['black', 'velvet', 'channel', 'tufted', 'king', 'bed', 'wled', 'tulip', 'galaxy', 'home', 'modern', 'contemporary']","['O', 'O', 'O', 'O', 'O', 'B-PRODUCT', 'O', 'O', 'O', 'O', 'O', 'O']"
"['blue', 'velvet', 'tufted', 'king', 'bedroom', 'set', 'p', 'tulip', 'galaxy', 'home', 'modern', 'contemporary']","['O', 'O', 'O', 'O', 'O', 'O', 'O', 'O', 'O', 'O', 'O', 'O']"
"['modern', 'black', 'velvet', 'gold', 'c', 'king', 'size', 'panel', 'bed', 'by', 'vig', 'modrest', 'legend']","['O', 'O', 'O', 'O', 'O', 'O', 'O', 'O', 'B-PRODUCT', 'O', 'O', 'O', 'O']"
"['brown', 'gray', 'king', 'size', 'panel', 'bed', 'by', 'crown', 'mark', 'jaymes', 'bkbed']","['O', 'O', 'O', 'O', 'O', 'B-PRODUCT', 'O', 'O', 'O', 'O', 'O']"
"['gray', 'color', 'crown', 'design', 'panel', 'bed', 'by', 'acme', 'furniture', 'perine', 'bdek']","['O', 'O', 'O', 'O', 'O', 'B-PRODUCT', 'O', 'O', 'B-PRODUCT', 'O', 'O']"
"['ivory', 'velvetbone', 'white', 'queen', 'bedroom', 'set', 'p', 'wchest', 'versailles', 'q', 'acme']","['O', 'O', 'O', 'O', 'O', 'O', 'O', 'O', 'O', 'O', 'O']"
"['tundra', 'upholstered', 'sleigh', 'platform', 'bed', 'queen']","['O', 'O', 'O', 'O', 'B-PRODUCT', 'O']"
"['black', 'pine', 'tree', 'forest', 'wall', 'dcor']","['O', 'O', 'O', 'O', 'O', 'O']"
"['butterfly', 'bamboo', 'cup']","['O', 'O', 'O']"
"['ivory', 'velvetbone', 'white', 'queen', 'bedroom', 'set', 'pc', 'wdresser', 'versailles', 'q', 'acme']","['O', 'O', 'O', 'O', 'O', 'O', 'O', 'O', 'O', 'O', 'O']"
"['butterfly', 'bamboo', 'salad', 'bowl']","['O', 'O', 'O', 'O']"
"['butterfly', 'bamboo', 'dinner', 'plate']","['O', 'O', 'O', 'O']"
"['north', 'american', 'birds', 'large', 'mug']","['O', 'O', 'O', 'O', 'O']"
"['north', 'american', 'birds', 'covered', 'mug', 'strainer', 'set']","['O', 'O', 'O', 'O', 'O', 'O', 'O']"
"['north', 'american', 'birds', 'matches', 'sticks']","['O', 'O', 'O', 'O', 'O']"
"['round', 'wool', 'coasters', 'set', 'of']","['O', 'O', 'O', 'O', 'O']"
"['rainbow', 'nesting', 'bowls', 'set', 'of']","['O', 'O', 'O', 'O', 'O']"
"['square', 'wool', 'coasters', 'set', 'of']","['O', 'O', 'O', 'O', 'O']"
"['gray', 'velvet', 'tufted', 'king', 'bedroom', 'set', 'p', 'tulip', 'galaxy', 'home', 'modern', 'contemporary']","['O', 'O', 'O', 'O', 'O', 'O', 'O', 'O', 'O', 'O', 'O', 'O']"
"['camp', 'song', 'greeting', 'card']","['O', 'O', 'O', 'O']"
"['shit', 'show', 'greeting', 'card', 'includes', 'stickers']","['O', 'O', 'O', 'O', 'O', 'O']"
"['pawsitive', 'vibes', 'birthday', 'card']","['O', 'O', 'O', 'O']"
"['blue', 'bubble', 'glass', 'candle', 'holder']","['O', 'O', 'O', 'O', 'O']"
"['hot', 'diggity', 'dog', 'birthday', 'card']","['O', 'O', 'O', 'O', 'O']"
"['beautiful', 'rare', 'magical', 'human', 'birthday', 'card']","['O', 'O', 'O', 'O', 'O', 'O']"
"['blue', 'bubble', 'glass', 'vase']","['O', 'O', 'O', 'O']"
"['make', 'the', 'world', 'better', 'greeting', 'card']","['O', 'O', 'O', 'O', 'O', 'O']"
"['ivory', 'velvetbone', 'white', 'king', 'bedroom', 'set', 'pc', 'wdresser', 'versailles', 'ek', 'acme']","['O', 'O', 'O', 'O', 'O', 'O', 'O', 'O', 'O', 'O', 'O']"
"['stacked', 'geo', 'taper', 'candlestick', 'holder']","['O', 'O', 'O', 'O', 'O']"
"['dipped', 'glaze', 'vase']","['O', 'O', 'O']"
"['terrazzo', 'candlestick', 'holder']","['O', 'O', 'O']"
"['floral', 'yellow', 'coir', 'doormat']","['O', 'O', 'O', 'O']"
"['flower', 'chess', 'board', 'coir', 'doormat']","['O', 'O', 'O', 'O', 'O']"
"['wooden', 'pillar', 'candle', 'holder']","['O', 'O', 'O', 'O']"
"['dragonfly', 'glitter', 'coir', 'doormat']","['O', 'O', 'O', 'O']"
"['tundra', 'ivory', 'upholstered', 'sleigh', 'platform', 'bed', 'queen']","['O', 'O', 'O', 'O', 'O', 'B-PRODUCT', 'O']"
"['happy', 'place', 'coir', 'doormat']","['O', 'O', 'O', 'O']"
"['hello', 'multi', 'coir', 'doormat']","['O', 'O', 'O', 'O']"
"['black', 'hello', 'coir', 'doormat']","['O', 'O', 'O', 'O']"
"['tree', 'of', 'life', 'bamboo', 'wind', 'chime']","['O', 'O', 'O', 'O', 'O', 'O']"
"['polaris', 'verdigris', 'wind', 'chime']","['O', 'O', 'O', 'O']"
"['wind', 'fantasy', 'chime']","['O', 'O', 'O']"
"['garden', 'hand', 'weeder']","['O', 'O', 'O']"
"['silver', 'measurement', 'trowel']","['O', 'O', 'O']"
"['dried', 'flower', 'vase', 'frame']","['O', 'O', 'O', 'O']"
"['fuschia', 'tissue', 'paper', 'sheets']","['O', 'O', 'O', 'O']"
"['tiffani', 'tissue', 'paper', 'sheets']","['O', 'O', 'O', 'O']"
"['ivory', 'velvetbone', 'white', 'queen', 'bedroom', 'set', 'pc', 'versailles', 'q', 'acme', 'vintage']","['O', 'O', 'O', 'O', 'O', 'O', 'O', 'O', 'O', 'O', 'O']"
"['white', 'silver', 'metal', 'wall', 'clock']","['O', 'O', 'O', 'O', 'O']"
"['lime', 'tissue', 'paper', 'sheets']","['O', 'O', 'O', 'O']"
"['ridged', 'base', 'table', 'lamp']","['O', 'O', 'B-PRODUCT', 'B-PRODUCT']"
"['rose', 'gold', 'white', 'metal', 'wall', 'clock']","['O', 'O', 'O', 'O', 'O', 'O']"
"['richcasa', 'black', 'wred', 'stripes', 'cotton', 'rug', 'x', 'ft']","['O', 'O', 'O', 'O', 'O', 'B-PRODUCT', 'O', 'O']"
"['richcasa', 'natural', 'cotton', 'rug']","['O', 'O', 'O', 'B-PRODUCT']"
"['round', 'cotton', 'rope', 'baskets', 'grey', 'white']","['O', 'O', 'O', 'O', 'O', 'O']"
"['metallic', 'grey', 'iris', 'tray']","['O', 'O', 'O', 'O']"
"['water', 'hyacinth', 'tray']","['O', 'O', 'O']"
"['richcasa', 'rust', 'cotton', 'rug', 'x', 'ft']","['O', 'O', 'O', 'B-PRODUCT', 'O', 'O']"
"['ivory', 'velvetbone', 'white', 'king', 'bedroom', 'set', 'p', 'versailles', 'ek', 'acme', 'vintage']","['O', 'O', 'O', 'O', 'O', 'O', 'O', 'O', 'O', 'O', 'O']"
"['richcasa', 'kilim', 'navy', 'blue', 'natural', 'cotton', 'jute', 'rug']","['O', 'O', 'O', 'O', 'O', 'O', 'O', 'B-PRODUCT']"
"['richcasa', 'natural', 'cotton', 'jute', 'rug']","['O', 'O', 'O', 'O', 'B-PRODUCT']"
"['richcasa', 'denim', 'jute', 'oval', 'area', 'rug']","['O', 'O', 'O', 'O', 'O', 'B-PRODUCT']"
"['urban', 'silver', 'area', 'rug', 'indooroutdoor']","['O', 'O', 'O', 'B-PRODUCT', 'O']"
"['drizzle', 'multi', 'green', 'mat', 'indooroutdoor']","['O', 'O', 'O', 'O', 'O']"
"['ocean', 'grey', 'area', 'rug', 'indooroutdoor']","['O', 'O', 'O', 'B-PRODUCT', 'O']"
"['succulent', 'green', 'area', 'rug', 'indooroutdoor']","['O', 'O', 'O', 'B-PRODUCT', 'O']"
"['ocean', 'blue', 'area', 'rug', 'indooroutdoor']","['O', 'O', 'O', 'B-PRODUCT', 'O']"
"['delano', 'ivory', 'area', 'rug', 'indooroutdoor']","['O', 'O', 'O', 'B-PRODUCT', 'O']"
"['marcus', 'dark', 'denim', 'area', 'rug', 'indooroutdoor']","['O', 'O', 'O', 'O', 'B-PRODUCT', 'O']"
"['delano', 'greige', 'area', 'rug', 'indooroutdoor']","['O', 'O', 'O', 'B-PRODUCT', 'O']"
"['indooroutdoor', 'chelsea', 'sand', 'dunes', 'carpet']","['O', 'O', 'O', 'O', 'B-PRODUCT']"
"['carleton', 'outdoor', 'loveseat']","['O', 'O', 'O']"
"['ivory', 'velvetbone', 'white', 'queen', 'bedroom', 'set', 'p', 'versailles', 'q', 'acme', 'vintage']","['O', 'O', 'O', 'O', 'O', 'O', 'O', 'O', 'O', 'O', 'O']"
"['acacia', 'outdoor', 'position', 'captains', 'chair', 'set', 'of']","['O', 'O', 'O', 'O', 'B-PRODUCT', 'O', 'O']"
"['arcade', 'balcony', 'stools', 'white', 'set', 'of']","['O', 'O', 'O', 'O', 'O', 'O']"
"['acacia', 'outdoor', 'english', 'bench']","['O', 'O', 'O', 'B-PRODUCT']"
"['stark', 'bookshelf']","['O', 'B-PRODUCT']"
"['irondale', 'modular', 'bookcase']","['O', 'O', 'B-PRODUCT']"
"['narrow', 'hammered', 'drum', 'end', 'table', 'antique', 'brass']","['O', 'O', 'O', 'B-PRODUCT', 'I-PRODUCT', 'O', 'O']"
"['archie', 'two', 'drawer', 'cabinet']","['O', 'O', 'O', 'B-PRODUCT']"
"['george', 'window', 'cabinet']","['O', 'O', 'B-PRODUCT']"
"['collin', 'wooden', 'green', 'display', 'cabinet']","['O', 'O', 'O', 'B-PRODUCT', 'I-PRODUCT']"
"['charlotte', 'driftwood', 'sideboard']","['O', 'O', 'B-PRODUCT']"
"['ivory', 'velvetbone', 'white', 'king', 'bedroom', 'set', 'pc', 'versailles', 'ek', 'acme', 'vintage']","['O', 'O', 'O', 'O', 'O', 'O', 'O', 'O', 'O', 'O', 'O']"
"['noir', 'havana', 'media', 'unit']","['O', 'O', 'O', 'O']"
"['noir', 'havana', 'sideboard']","['O', 'O', 'B-PRODUCT']"
"['gia', 'nightstand']","['O', 'B-PRODUCT']"
"['locarno', 'driftwood', 'drawer', 'bedside', 'table']","['O', 'O', 'O', 'O', 'B-PRODUCT']"
"['james', 'blue', 'two', 'door', 'wglass', 'cabinet']","['O', 'O', 'O', 'O', 'O', 'B-PRODUCT']"
"['montserrat', 'lux', 'outdoor', 'sectional']","['O', 'O', 'O', 'O']"
"['natural', 'laurent', 'carved', 'wooden', 'storage', 'chest']","['O', 'O', 'O', 'O', 'O', 'B-PRODUCT']"
"['lh', 'imports', 'kinsley', 'club', 'chair']","['O', 'O', 'O', 'B-PRODUCT', 'I-PRODUCT']"
"['lh', 'imports', 'beverly', 'club', 'chair']","['O', 'O', 'O', 'B-PRODUCT', 'I-PRODUCT']"
"['crossback', 'chair']","['O', 'B-PRODUCT']"
"['huxly', 'accent', 'chair', 'in', 'grey', 'weathered', 'brown']","['O', 'O', 'B-PRODUCT', 'O', 'O', 'O', 'O']"
"['daniak', 'dining', 'chair', 'dark', 'grey']","['O', 'O', 'B-PRODUCT', 'O', 'O']"
"['irish', 'coast', 'african', 'dusk', 'slat', 'back', 'chair']","['O', 'O', 'O', 'O', 'O', 'O', 'B-PRODUCT']"
"['ivory', 'velvetbone', 'white', 'king', 'bedroom', 'set', 'p', 'wchest', 'versailles', 'ek', 'acme']","['O', 'O', 'O', 'O', 'O', 'O', 'O', 'O', 'O', 'O', 'O']"
"['remix', 'dining', 'chair']","['O', 'O', 'B-PRODUCT']"
"['marlow', 'dining', 'chair', 'black', 'leather']","['O', 'O', 'B-PRODUCT', 'O', 'O']"
"['organic', 'dining', 'chair']","['O', 'O', 'B-PRODUCT']"
"['organic', 'dining', 'table']","['O', 'O', 'B-PRODUCT']"
"['west', 'extending', 'dining', 'table']","['O', 'O', 'O', 'B-PRODUCT']"
"['damascus', 'bistro', 'set', 'of']","['O', 'O', 'O', 'O']"
"['brittany', 'sectional', 'conversation', 'set', 'of']","['O', 'O', 'O', 'O', 'O']"
"['santa', 'marina', 'conversation', 'set', 'of']","['O', 'O', 'O', 'O', 'O']"
"['lakeview', 'outdoor', 'dark', 'rum', 'side', 'table', 'x']","['O', 'O', 'O', 'O', 'O', 'B-PRODUCT', 'O']"
"['monaco', 'outdoor', 'dark', 'rum', 'coffee', 'table', 'x']","['O', 'O', 'O', 'O', 'B-PRODUCT', 'I-PRODUCT', 'O']"
"['monaco', 'outdoor', 'square', 'side', 'table', 'dark', 'rum']","['O', 'O', 'O', 'O', 'B-PRODUCT', 'O', 'O']"
"['element', 'outdoor', 'lounger']","['O', 'O', 'B-PRODUCT']"
"['white', 'king', 'size', 'panel', 'bed', 'by', 'crown', 'mark', 'maybelle', 'bkbed']","['O', 'O', 'O', 'O', 'B-PRODUCT', 'O', 'O', 'O', 'O', 'O']"
"['millcroft', 'outdoor', 'lounger']","['O', 'O', 'B-PRODUCT']"
"['venice', 'outdoor', 'deep', 'seating', 'loveseat', 'black', 'set', 'of']","['O', 'O', 'O', 'O', 'O', 'O', 'O', 'O']"
"['rockford', 'rattan', 'loveseat']","['O', 'O', 'O']"
"['regency', 'outdoor', 'sofa']","['O', 'O', 'B-PRODUCT']"
"['rockford', 'rattan', 'scoop', 'seating', 'set', 'of']","['O', 'O', 'O', 'O', 'O', 'O']"
"['regency', 'deep', 'seating', 'chair', 'sofa', 'set', 'of']","['O', 'O', 'O', 'B-PRODUCT', 'B-PRODUCT', 'O', 'O']"
"['regency', 'deep', 'seating', 'chair', 'set', 'of']","['O', 'O', 'O', 'B-PRODUCT', 'O', 'O']"
"['genoa', 'outdoor', 'loveseat']","['O', 'O', 'O']"
"['genoa', 'outdoor', 'club', 'chair', 'set', 'of']","['O', 'O', 'B-PRODUCT', 'I-PRODUCT', 'O', 'O']"
"['swing', 'lounge', 'swivel', 'rocker', 'set', 'of', 'white']","['O', 'O', 'O', 'O', 'O', 'O', 'O']"
"['oasis', 'outdoor', 'dining', 'arm', 'chair']","['O', 'O', 'O', 'O', 'B-PRODUCT']"
"['lakeview', 'outdoor', 'dining', 'arm', 'chair']","['O', 'O', 'O', 'O', 'B-PRODUCT']"
"['lakeview', 'outdoor', 'dining', 'side', 'chair']","['O', 'O', 'O', 'O', 'B-PRODUCT']"
"['bubble', 'chair']","['O', 'B-PRODUCT']"
"['eames', 'aluminium', 'chair', 'ea']","['O', 'O', 'B-PRODUCT', 'O']"
"['beetle', 'dining', 'chair', 'conic', 'base', 'fully', 'upholstered']","['O', 'O', 'B-PRODUCT', 'O', 'O', 'O', 'O']"
"['ro', 'and', 'fri', 'foot', 'stool']","['O', 'O', 'O', 'O', 'B-PRODUCT']"
"['junebug', 'storage', 'bin']","['O', 'O', 'O']"
"['bistro', 'umbrella']","['O', 'O']"
"['connector', 'kit']","['O', 'O']"
"['monarch', 'storage', 'bin']","['O', 'O', 'O']"
"['storage', 'bin', 'cover']","['O', 'O', 'O']"
"['lume', 'coat', 'stand', 'large', 'charcoal', 'black']","['O', 'O', 'O', 'O', 'O', 'O']"
"['deer', 'shelf', 'oak']","['O', 'B-PRODUCT', 'O']"
"['wave', 'table']","['O', 'B-PRODUCT']"
"['fan', 'stool', 'black']","['O', 'B-PRODUCT', 'O']"
"['biarritz', 'french', 'drawer', 'cofee', 'table', 'furniture', 'singapore', 'rmy']","['O', 'O', 'O', 'O', 'B-PRODUCT', 'B-PRODUCT', 'O', 'O']"
"['biarritz', 'french', 'door', 'dvd', 'entertainment', 'unit', 'tv', 'console', 'furniture', 'singapore', 'rmy']","['O', 'O', 'O', 'O', 'O', 'O', 'O', 'B-PRODUCT', 'B-PRODUCT', 'O', 'O']"
"['biarritzfrench', 'door', 'corner', 'tv', 'stand', 'tv', 'console', 'rmy']","['O', 'O', 'O', 'O', 'O', 'O', 'B-PRODUCT', 'O']"
"['hailey', 'm', 'console', 'cabinet', 'wood', 'naturalblack']","['O', 'O', 'B-PRODUCT', 'B-PRODUCT', 'O', 'O']"
"['hailey', 'tall', 'cabinet', 'wood', 'naturalblack']","['O', 'O', 'B-PRODUCT', 'O', 'O']"
"['luna', 'console', 'cabinet', 'wood', 'natural']","['O', 'B-PRODUCT', 'B-PRODUCT', 'O', 'O']"
"['williams', 'm', 'console', 'cabinet', 'wood', 'walnutgunmetal', 'grey']","['O', 'O', 'B-PRODUCT', 'B-PRODUCT', 'O', 'O', 'O']"
"['alabaster', 'eight', 'arm', 'chandelier']","['O', 'O', 'O', 'B-PRODUCT']"
"['williams', 'globe', 'crystal', 'chandelier']","['O', 'O', 'O', 'B-PRODUCT']"
"['crystal', 'chandelier', 'l']","['O', 'B-PRODUCT', 'O']"
"['chill', 'sectional']","['O', 'O']"
"['urban', 'power', 'recliner']","['O', 'O', 'B-PRODUCT']"
"['timeless', 'dining', 'table']","['O', 'O', 'B-PRODUCT']"
"['corridor', 'bar']","['O', 'O']"
"['country', 'settee']","['O', 'B-PRODUCT']"
"['basic', 'side', 'table']","['O', 'O', 'B-PRODUCT']"
['chest'],['B-PRODUCT']
"['fulton', 'dresser']","['O', 'B-PRODUCT']"
"['parker', 'sofa']","['O', 'B-PRODUCT']"
"['mushroom', 'teak', 'stool']","['O', 'O', 'B-PRODUCT']"
"['ann', 'chair']","['O', 'B-PRODUCT']"
"['homosapien', 'statues']","['O', 'O']"
"['agate', 'lamps']","['O', 'O']"
"['turin', 'sofa']","['O', 'B-PRODUCT']"
"['super', 'chill']","['O', 'O']"
"['marshmallow', 'ottoman']","['O', 'B-PRODUCT']"
"['owl', 'artwork']","['O', 'O']"
"['calistoga', 'chair']","['O', 'B-PRODUCT']"
"['kiannah', 'chair']","['O', 'B-PRODUCT']"
"['bull', 'artwork']","['O', 'O']"
"['simon', 'recliner']","['O', 'B-PRODUCT']"
"['trend', 'chair']","['O', 'B-PRODUCT']"
"['aston', 'recliner']","['O', 'B-PRODUCT']"
"['rainier', 'recliner']","['O', 'B-PRODUCT']"
"['lory', 'reclining', 'sectional']","['O', 'O', 'O']"
"['glamour', 'sectional']","['O', 'O']"
"['divano', 'sectional']","['O', 'O']"
"['patrik', 'chair']","['O', 'B-PRODUCT']"
"['living', 'sectional']","['O', 'O']"
"['super', 'chill', 'piece', 'sectional']","['O', 'O', 'O', 'O']"
"['alfia', 'chair']","['O', 'B-PRODUCT']"
"['monticello', 'swivel', 'chair']","['O', 'O', 'B-PRODUCT']"
"['living', 'loveseat']","['O', 'O']"
"['brera', 'sofa']","['O', 'B-PRODUCT']"
"['domonic', 'chair']","['O', 'B-PRODUCT']"
"['milan', 'seat', 'recliner']","['O', 'B-PRODUCT', 'B-PRODUCT']"
"['milan', 'seat', 'recliner']","['O', 'B-PRODUCT', 'B-PRODUCT']"
"['magnus', 'power', 'recliner']","['O', 'O', 'B-PRODUCT']"
"['jakob', 'power', 'recliner']","['O', 'O', 'B-PRODUCT']"
"['milan', 'power', 'recliner']","['O', 'O', 'B-PRODUCT']"
"['hans', 'power', 'recliner']","['O', 'O', 'B-PRODUCT']"
"['harstad', 'power', 'recliner']","['O', 'O', 'B-PRODUCT']"
"['finn', 'power', 'recliner']","['O', 'O', 'B-PRODUCT']"
"['post', 'modern', 'american', 'chandelier', 'hb']","['O', 'O', 'O', 'B-PRODUCT', 'O']"
"['bo', 'power', 'recliner']","['O', 'O', 'B-PRODUCT']"
"['dallas', 'power', 'recliner']","['O', 'O', 'B-PRODUCT']"
"['nelson', 'saucer', 'crisscross', 'bubble', 'pendant', 'lamp']","['O', 'O', 'O', 'O', 'O', 'B-PRODUCT']"
"['axel', 'power', 'recliner']","['O', 'O', 'B-PRODUCT']"
"['mallorca', 'round', 'coffee', 'table', 'wood', 'cocoa']","['O', 'O', 'B-PRODUCT', 'I-PRODUCT', 'O', 'O']"
"['tenero', 'sectional']","['O', 'O']"
"['crystal', 'chandelier', 'light']","['O', 'B-PRODUCT', 'B-PRODUCT']"
"['pietro', 'extendable', 'dining', 'table', 'sintered', 'stone', 'matte', 'white']","['O', 'O', 'O', 'B-PRODUCT', 'O', 'O', 'O', 'O']"
"['elligton', 'sectional']","['O', 'O']"
"['ezio', 'extendable', 'dining', 'table', 'sintered', 'stone', 'matt', 'grey']","['O', 'O', 'O', 'B-PRODUCT', 'O', 'O', 'O', 'O']"
"['altis', 'round', 'coffee', 'table', 'wood', 'natural']","['O', 'O', 'B-PRODUCT', 'I-PRODUCT', 'O', 'O']"
"['embody', 'chair', 'fully', 'loaded']","['O', 'B-PRODUCT', 'O', 'O']"
"['maisy', 'm', 'coffee', 'table', 'wood', 'cocoa']","['O', 'O', 'B-PRODUCT', 'I-PRODUCT', 'O', 'O']"
"['luna', 'm', 'coffee', 'table', 'wood', 'natural']","['O', 'O', 'B-PRODUCT', 'I-PRODUCT', 'O', 'O']"
"['isabel', 'm', 'dining', 'set', 'wood', 'natural']","['O', 'O', 'O', 'O', 'O', 'O']"
"['mason', 'm', 'dining', 'table', 'wood', 'vintage', 'oak']","['O', 'O', 'O', 'B-PRODUCT', 'O', 'O', 'O']"
"['mason', 'm', 'dining', 'set', 'wood', 'vintage', 'oak']","['O', 'O', 'O', 'O', 'O', 'O', 'O']"
"['relaxa', 'by', 'mydream', 'mattress']","['O', 'O', 'O', 'B-PRODUCT']"
"['clearance', 'delia', 'm', 'dining', 'set', 'wood', 'natural']","['O', 'O', 'O', 'O', 'O', 'O', 'O']"
"['aimon', 'm', 'dining', 'set', 'wood', 'cocoa']","['O', 'O', 'O', 'O', 'O', 'O']"
"['clearance', 'suzetta', 'm', 'round', 'dining', 'set', 'marble']","['O', 'O', 'O', 'O', 'O', 'O', 'O']"
"['glacial', 'plus', 'by', 'mydream', 'mattress']","['O', 'O', 'O', 'O', 'B-PRODUCT']"
"['antoinette', 'upholstered', 'bed']","['O', 'O', 'B-PRODUCT']"
"['sherry', 'bed', 'frame', 'with', 'side', 'drawers']","['O', 'B-PRODUCT', 'O', 'O', 'O', 'O']"
"['nature', 'plush', 'by', 'mydream', 'mattress']","['O', 'O', 'O', 'O', 'B-PRODUCT']"
"['comfort', 'sense', 'by', 'mydream', 'mattress']","['O', 'O', 'O', 'O', 'B-PRODUCT']"
"['valencia', 'corner', 'sofa', 'half', 'leather']","['O', 'O', 'B-PRODUCT', 'O', 'O']"
"['emery', 'storage', 'bed', 'frame']","['O', 'O', 'B-PRODUCT', 'O']"
"['alden', 'bed', 'frame']","['O', 'B-PRODUCT', 'O']"
"['reyna', 'seater', 'sofa', 'fabric']","['O', 'O', 'B-PRODUCT', 'O']"
"['amano', 'seater', 'recliner', 'sofa', 'half', 'leather']","['O', 'O', 'B-PRODUCT', 'B-PRODUCT', 'O', 'O']"
"['amano', 'recliner', 'armchair', 'half', 'leather']","['O', 'B-PRODUCT', 'B-PRODUCT', 'O', 'O']"
"['reyna', 'seater', 'sofa', 'fabric']","['O', 'O', 'B-PRODUCT', 'O']"
"['minerva', 'lshaped', 'sofa', 'fabric']","['O', 'O', 'B-PRODUCT', 'O']"
"['nord', 'chest', 'of', 'drawer', 'wood']","['O', 'B-PRODUCT', 'O', 'O', 'O']"
"['amano', 'seater', 'recliner', 'sofa', 'half', 'leather']","['O', 'O', 'B-PRODUCT', 'B-PRODUCT', 'O', 'O']"
"['weston', 'chest', 'of', 'drawer', 'wood']","['O', 'B-PRODUCT', 'O', 'O', 'O']"
"['alison', 'lshaped', 'recliner', 'sofa', 'half', 'thick', 'leather']","['O', 'O', 'B-PRODUCT', 'B-PRODUCT', 'O', 'O', 'O']"
"['zayn', 'recliner', 'armchair', 'fabric']","['O', 'B-PRODUCT', 'B-PRODUCT', 'O']"
"['bartley', 'recliner', 'armchair', 'fabric']","['O', 'B-PRODUCT', 'B-PRODUCT', 'O']"
"['costa', 'blanca', 'bedroom', 'group']","['O', 'O', 'O', 'O']"
"['novaluna', 'foam', 'veganleather', 'platform', 'bed']","['O', 'O', 'O', 'O', 'B-PRODUCT']"
"['novaluna', 'drudy', 'bed', 'made', 'in', 'italy']","['O', 'O', 'B-PRODUCT', 'O', 'O', 'O']"
"['entertainment', 'unit', 'tv', 'unit', 'oslo']","['O', 'O', 'O', 'O', 'O']"
"['entertainment', 'unit', 'tv', 'unit', 'tamara']","['O', 'O', 'O', 'O', 'O']"
"['belpasso', 'bedroom', 'collection']","['O', 'O', 'O']"
"['aria', 'accent', 'chair']","['O', 'O', 'B-PRODUCT']"
"['angelina', 'chaise', 'sofa', 'electric', 'recliner']","['O', 'O', 'B-PRODUCT', 'O', 'B-PRODUCT']"
"['canova', 'casegoods']","['O', 'O']"
"['custom', 'cushion']","['O', 'B-PRODUCT']"
"['lazy', 'susan']","['O', 'O']"
"['sofa', 'side', 'table', 'in', 'golden', 'colour', 'finish']","['B-PRODUCT', 'O', 'B-PRODUCT', 'O', 'O', 'O', 'O']"
"['catherine', 'champagne', 'flutes', 'set', 'of']","['O', 'O', 'O', 'O', 'O']"
"['carnaby', 'mid', 'century', 'furniture', 'white', 'sideboard']","['O', 'O', 'O', 'B-PRODUCT', 'O', 'B-PRODUCT']"
"['mirrored', 'bedside', 'table', 'drawers', 'silver', 'antique', 'finish', 'charleston']","['O', 'O', 'B-PRODUCT', 'O', 'O', 'O', 'O', 'O']"
"['catherine', 'coupes', 'set', 'of']","['O', 'O', 'O', 'O']"
"['gibson', 'power', 'wall', 'recliner']","['O', 'O', 'O', 'B-PRODUCT']"
"['resinteak', 'pacific', 'adirondack', 'rocking', 'chair']","['O', 'O', 'O', 'B-PRODUCT', 'I-PRODUCT']"
"['resinteak', 'new', 'classic', 'outdoor', 'rocking', 'chair']","['O', 'O', 'O', 'O', 'B-PRODUCT', 'I-PRODUCT']"
"['resinteak', 'modern', 'adirondack', 'rocking', 'chair']","['O', 'O', 'O', 'B-PRODUCT', 'I-PRODUCT']"
"['vintage', 'brown', 'leather', 'chesterfield', 'sofa', 'made', 'to', 'order']","['O', 'O', 'O', 'O', 'B-PRODUCT', 'O', 'O', 'O']"
"['vintage', 'black', 'chesterfield', 'leather', 'sofa', 'made', 'to', 'order']","['O', 'O', 'O', 'O', 'B-PRODUCT', 'O', 'O', 'O']"
"['slate', 'grey', 'chesterfield', 'leather', 'sofa', 'made', 'to', 'order']","['O', 'O', 'O', 'O', 'B-PRODUCT', 'O', 'O', 'O']"
"['wide', 'vintage', 'gray', 'chesterfield', 'leather', 'sofa', 'custom', 'made']","['O', 'O', 'O', 'O', 'O', 'B-PRODUCT', 'O', 'O']"
"['pinnacle', 'power', 'wall', 'reclining', 'loveseat']","['O', 'O', 'O', 'O', 'O']"
"['astor', 'power', 'rocking', 'recliner']","['O', 'O', 'O', 'B-PRODUCT']"
"['polyteak', 'compact', 'side', 'table']","['O', 'O', 'O', 'B-PRODUCT']"
"['classic', 'folding', 'adirondack', 'chair']","['O', 'O', 'O', 'B-PRODUCT']"
"['adirondack', 'ottoman']","['O', 'B-PRODUCT']"
"['gibson', 'powerreclinexr', 'reclinarocker', 'recliner']","['O', 'O', 'O', 'B-PRODUCT']"
"['traditional', 'element', 'adirondack', 'chair']","['O', 'O', 'O', 'B-PRODUCT']"
"['king', 'size', 'adirondack', 'chair']","['O', 'O', 'O', 'B-PRODUCT']"
"['element', 'adirondack', 'chair']","['O', 'O', 'B-PRODUCT']"
"['gift', 'voucher']","['O', 'O']"
"['gordon', 'walters', 'print', 'tama']","['O', 'O', 'O', 'O']"
"['croft', 'nightstand']","['O', 'B-PRODUCT']"
"['pinnacle', 'wall', 'reclining', 'loveseat']","['O', 'O', 'O', 'O']"
"['juniper', 'coffee', 'table']","['O', 'B-PRODUCT', 'I-PRODUCT']"
"['barn', 'door', 'coffee', 'table']","['O', 'O', 'B-PRODUCT', 'I-PRODUCT']"
"['barn', 'door', 'side', 'table']","['O', 'O', 'O', 'B-PRODUCT']"
"['jr', 'twin', 'solid', 'wood', 'low', 'loft', 'bed']","['O', 'O', 'O', 'O', 'O', 'O', 'B-PRODUCT']"
"['aaron', 'white', 'tobacco', 'piece', 'table', 'set']","['O', 'O', 'O', 'O', 'B-PRODUCT', 'O']"
"['olivia', 'nightstand']","['O', 'B-PRODUCT']"
"['aaron', 'honey', 'brown', 'piece', 'table', 'set']","['O', 'O', 'O', 'O', 'B-PRODUCT', 'O']"
"['alissa', 'coffee', 'table']","['O', 'B-PRODUCT', 'I-PRODUCT']"
"['grant', 'canap', 'en', 'tissu', 'bleu']","['O', 'O', 'O', 'O', 'O']"
"['aaron', 'dark', 'weathered', 'piece', 'table', 'set']","['O', 'O', 'O', 'O', 'B-PRODUCT', 'O']"
"['hole', 'sugar', 'mold']","['O', 'O', 'O']"
"['livingston', 'white', 'tobacco', 'large', 'cabinet']","['O', 'O', 'O', 'O', 'B-PRODUCT']"
"['hole', 'sugar', 'mold']","['O', 'O', 'O']"
"['elliott', 'gray', 'buffet']","['O', 'O', 'B-PRODUCT']"
"['dawson', 'white', 'tobacco', 'console', 'cabinet']","['O', 'O', 'O', 'B-PRODUCT', 'B-PRODUCT']"
"['carlos', 'antique', 'gray', 'barn', 'door', 'tv', 'stand']","['O', 'O', 'O', 'O', 'O', 'O', 'O']"
['oops'],['O']
"['emily', 'distressed', 'white', 'tv', 'stand']","['O', 'O', 'O', 'O', 'O']"
"['alexa', 'do', 'the', 'dishes', 'wall', 'sign']","['O', 'O', 'O', 'O', 'O', 'O']"
"['carlos', 'white', 'barn', 'door', 'tv', 'stand']","['O', 'O', 'O', 'O', 'O', 'O']"
"['arched', 'mango', 'window', 'mirror']","['O', 'O', 'O', 'B-PRODUCT']"
"['any', 'man', 'can', 'be', 'a', 'father', 'small', 'wood', 'sign']","['O', 'O', 'O', 'O', 'O', 'O', 'O', 'O', 'O']"
"['lshape', 'bunk', 'bed', 'with', 'cut', 'out', 'panels']","['O', 'B-PRODUCT', 'I-PRODUCT', 'O', 'O', 'O', 'O']"
"['modern', 'rattan', 'door', 'fireplace', 'console']","['O', 'O', 'O', 'O', 'B-PRODUCT']"
"['barn', 'door', 'fireplace']","['O', 'O', 'O']"
"['piece', 'barndoor', 'accent', 'table', 'set']","['O', 'O', 'O', 'B-PRODUCT', 'O']"
"['contemporary', 'metal', 'and', 'wood', 'side', 'table']","['O', 'O', 'O', 'O', 'O', 'B-PRODUCT']"
"['lateral', 'drawer', 'metal', 'x', 'file', 'cabinet']","['O', 'O', 'O', 'O', 'B-PRODUCT', 'I-PRODUCT']"
"['x', 'leg', 'writing', 'desk']","['O', 'O', 'B-PRODUCT', 'I-PRODUCT']"
"['frizzell', 'oclock']","['O', 'O']"
"['scandinavian', 'door', 'sideboard']","['O', 'O', 'B-PRODUCT']"
"['faux', 'leather', 'dining', 'chair', 'pack']","['O', 'O', 'O', 'B-PRODUCT', 'O']"
"['sliding', 'barn', 'door', 'tv', 'stand']","['O', 'O', 'O', 'O', 'O']"
"['contemporary', 'metal', 'tv', 'stand']","['O', 'O', 'O', 'O']"
"['mackenzie', 'floor', 'rug']","['O', 'O', 'B-PRODUCT']"
"['nebraska', 'floor', 'rug']","['O', 'O', 'B-PRODUCT']"
"['piece', 'modern', 'chevron', 'acacia', 'outdoor', 'chaise', 'sectional', 'with', 'coffee', 'table']","['O', 'O', 'O', 'O', 'O', 'O', 'O', 'O', 'B-PRODUCT', 'I-PRODUCT']"
"['sloane', 'drawer', 'solid', 'wood', 'nightstand']","['O', 'O', 'O', 'O', 'B-PRODUCT']"
"['piece', 'modern', 'solid', 'wood', 'outdoor', 'dining', 'chair', 'set']","['O', 'O', 'O', 'O', 'O', 'O', 'B-PRODUCT', 'O']"
"['gibson', 'wall', 'recliner']","['O', 'O', 'B-PRODUCT']"
['yoyo'],['O']
"['sloane', 'drawer', 'solid', 'wood', 'dresser']","['O', 'O', 'O', 'O', 'B-PRODUCT']"
"['stone', 'floor', 'mat']","['O', 'O', 'O']"
"['seed', 'shade']","['O', 'O']"
"['io', 'drum', 'shade']","['O', 'O', 'O']"
"['dibber', 'planting', 'tool']","['O', 'O', 'O']"
"['spray', 'glow', 'furniture', 'polish']","['O', 'O', 'B-PRODUCT', 'O']"
"['wooden', 'soap', 'keeper']","['O', 'O', 'O']"
"['rimu', 'bottle', 'opener']","['O', 'O', 'O']"
"['leighton', 'dining', 'chair']","['O', 'O', 'B-PRODUCT']"
"['harley', 'dining', 'chair', 'cream']","['O', 'O', 'B-PRODUCT', 'O']"
"['harley', 'dining', 'chair', 'royal', 'blue']","['O', 'O', 'B-PRODUCT', 'O', 'O']"
"['harley', 'dining', 'chair', 'silver', 'grey']","['O', 'O', 'B-PRODUCT', 'O', 'O']"
"['harley', 'dining', 'chair', 'stone']","['O', 'O', 'B-PRODUCT', 'O']"
"['harley', 'dining', 'chair', 'ocean']","['O', 'O', 'B-PRODUCT', 'O']"
['gifts'],['O']
['basketware'],['O']
"['jars', 'vases', 'ceramics']","['O', 'O', 'O']"
"['candle', 'lighting']","['O', 'O']"
"['new', 'arrivals']","['O', 'O']"
"['pots', 'and', 'planters']","['O', 'O', 'O']"
"['wall', 'art']","['O', 'O']"
"['faux', 'plants']","['O', 'O']"
['rugs'],['O']
"['glassware', 'trays']","['O', 'O']"
['cushions'],['O']
"['mirrors', 'screens']","['O', 'O']"
"['tv', 'units']","['O', 'O']"
"['kitchen', 'islands']","['O', 'O']"
['lighting'],['O']
"['outdoor', 'covered']","['O', 'O']"
['outdoor'],['O']
"['outdoor', 'uncovered']","['O', 'O']"
['storage'],['O']
"['chips', 'stool']","['O', 'B-PRODUCT']"
"['buono', 'ottomans', 'by', 'archini']","['O', 'O', 'O', 'O']"
"['sys', 'stool', 'by', 'archini']","['O', 'B-PRODUCT', 'O', 'O']"
"['bunya', 'ottomans']","['O', 'O']"
"['square', 'barstool', 'by', 'thonet']","['O', 'O', 'O', 'O']"
"['eames', 'walnut', 'stool', 'by', 'herman', 'miller']","['O', 'O', 'B-PRODUCT', 'O', 'O', 'O']"
"['anna', 'stool', 'with', 'back']","['O', 'B-PRODUCT', 'O', 'O']"
"['linz', 'barstool', 'by', 'thonet']","['O', 'O', 'O', 'O']"
"['anna', 'stool']","['O', 'B-PRODUCT']"
"['bob', 'moon', 'by', 'bla', 'station']","['O', 'O', 'O', 'O', 'O']"
"['round', 'barstool', 'by', 'thonet']","['O', 'O', 'O', 'O']"
"['bob', 'pouffe', 'by', 'bla', 'station']","['O', 'O', 'O', 'O', 'O']"
"['la', 'scala', 'barstool', 'by', 'arko']","['O', 'O', 'O', 'O', 'O']"
"['del', 'toro', 'stool', 'by', 'arko']","['O', 'O', 'B-PRODUCT', 'O', 'O']"
"['artek', 'stool', 'e']","['O', 'B-PRODUCT', 'O']"
"['artek', 'stool']","['O', 'B-PRODUCT']"
"['artek', 'rocket', 'stool']","['O', 'O', 'B-PRODUCT']"
"['artek', 'high', 'chair', 'k']","['O', 'O', 'B-PRODUCT', 'O']"
"['portsea', 'cushion']","['O', 'B-PRODUCT']"
"['artek', 'high', 'stool']","['O', 'O', 'B-PRODUCT']"
"['noom', 'serie', 'stool', 'by', 'actiu']","['O', 'O', 'B-PRODUCT', 'O', 'O']"
"['noom', 'serie', 'stool', 'by', 'actiu']","['O', 'O', 'B-PRODUCT', 'O', 'O']"
"['potato', 'sack', 'natural']","['O', 'O', 'O']"
"['launch', 'stool', 'by', 'gohome']","['O', 'B-PRODUCT', 'O', 'O']"
"['tulipa', 'low', 'stool', 'by', 'gohome']","['O', 'O', 'B-PRODUCT', 'O', 'O']"
"['chest', 'of', 'drawers']","['B-PRODUCT', 'O', 'O']"
"['blue', 'sapphire', 'cushion']","['O', 'O', 'B-PRODUCT']"
['sideboards'],['O']
['desks'],['O']
['cupboards'],['O']
['benches'],['O']
['headboards'],['O']
['tables'],['O']
['bedends'],['O']
"['hollywood', 'stool', 'by', 'gohome']","['O', 'B-PRODUCT', 'O', 'O']"
"['grille', 'stool', 'by', 'gohome']","['O', 'B-PRODUCT', 'O', 'O']"
['ottomans'],['O']
['stools'],['O']
"['howard', 'miller', 'marlowe', 'v', 'corner', 'curio', 'cabinet']","['O', 'O', 'O', 'O', 'O', 'B-PRODUCT', 'B-PRODUCT']"
"['howard', 'miller', 'breindel', 'iii', 'curio', 'cabinet']","['O', 'O', 'O', 'O', 'B-PRODUCT', 'B-PRODUCT']"
"['hanging', 'chair', 'hammock', 'with', 'footrest']","['O', 'B-PRODUCT', 'B-PRODUCT', 'O', 'B-PRODUCT']"
"['james', 'midcentury', 'modern', 'square', 'end', 'side', 'table', 'w', 'marble', 'top']","['O', 'O', 'O', 'O', 'O', 'O', 'B-PRODUCT', 'O', 'O', 'O']"
"['furniture', 'removal', 'and', 'dumping']","['B-PRODUCT', 'O', 'O', 'O']"
"['bridge', 'small', 'loveseat', 'sofa', 'build', 'to', 'any', 'size']","['O', 'O', 'O', 'B-PRODUCT', 'O', 'O', 'O', 'O']"
"['cotton', 'brazilian', 'hammock']","['O', 'O', 'B-PRODUCT']"
"['large', 'mexican', 'hammock']","['O', 'O', 'B-PRODUCT']"
"['large', 'cotton', 'brazilian', 'hammock']","['O', 'O', 'O', 'B-PRODUCT']"
"['howard', 'miller', 'saloman', 'curio', 'cabinet']","['O', 'O', 'O', 'B-PRODUCT', 'B-PRODUCT']"
"['howard', 'miller', 'flora', 'curio', 'cabinet']","['O', 'O', 'O', 'B-PRODUCT', 'B-PRODUCT']"
"['howard', 'miller', 'northport', 'bar']","['O', 'O', 'O', 'O']"
"['howard', 'miller', 'cheers', 'bar']","['O', 'O', 'O', 'O']"
"['howard', 'miller', 'niagara', 'bar', 'hutch']","['O', 'O', 'O', 'O', 'B-PRODUCT']"
"['howard', 'miller', 'niagara', 'bar', 'console']","['O', 'O', 'O', 'O', 'B-PRODUCT']"
"['howard', 'miller', 'niagara', 'bar', 'stool']","['O', 'O', 'O', 'B-PRODUCT', 'I-PRODUCT']"
"['mcm', 'white', 'smith', 'fabric', 'lounge', 'arm', 'chair', 'sleek', 'bronze', 'steel', 'legs']","['O', 'O', 'O', 'O', 'O', 'O', 'B-PRODUCT', 'O', 'O', 'O', 'O']"
"['modern', 'tv', 'stand', 'w', 'doors', 'shelf', 'in', 'grey']","['O', 'O', 'O', 'O', 'O', 'B-PRODUCT', 'O', 'O']"
"['midcentury', 'tv', 'stand', 'in', 'walnut', 'black', 'w', 'drawers', 'cabinet']","['O', 'O', 'O', 'O', 'O', 'O', 'O', 'O', 'B-PRODUCT']"
"['modrest', 'viviana', 'midcentury', 'modern', 'coffee', 'table', 'w', 'glass', 'top']","['O', 'O', 'O', 'O', 'B-PRODUCT', 'I-PRODUCT', 'O', 'O', 'O']"
"['modern', 'concrete', 'square', 'coffee', 'table', 'w', 'acrylic', 'finish']","['O', 'O', 'O', 'B-PRODUCT', 'I-PRODUCT', 'O', 'O', 'O']"
"['midcentury', 'modern', 'tv', 'stand', 'in', 'walnut', 'grey', 'w', 'shelves']","['O', 'O', 'O', 'O', 'O', 'O', 'O', 'O', 'O']"
"['florence', 'mcm', 'white', 'low', 'profile', 'accent', 'chair', 'solid', 'rubber', 'wood', 'frame']","['O', 'O', 'O', 'O', 'O', 'O', 'B-PRODUCT', 'O', 'O', 'O', 'O']"
"['midcentury', 'modern', 'glass', 'dining', 'table', 'w', 'solid', 'ash', 'wood', 'base']","['O', 'O', 'O', 'O', 'B-PRODUCT', 'O', 'O', 'O', 'O', 'O']"
"['albert', 'mcm', 'accent', 'lounge', 'arm', 'chair', 'grey', 'plush', 'cushion', 'fabric', 'brushed', 'smoke', 'frame']","['O', 'O', 'O', 'O', 'O', 'B-PRODUCT', 'O', 'O', 'B-PRODUCT', 'O', 'O', 'O', 'O']"
"['nalynn', 'midcentury', 'modern', 'dining', 'chair', 'with', 'natural', 'white', 'cotton', 'blend', 'fabric']","['O', 'O', 'O', 'O', 'B-PRODUCT', 'O', 'O', 'O', 'O', 'O', 'O']"
"['anton', 'mcm', 'beige', 'accent', 'arm', 'chair', 'dark', 'walnut', 'frame']","['O', 'O', 'O', 'O', 'O', 'B-PRODUCT', 'O', 'O', 'O']"
"['ledell', 'midcentury', 'modern', 'glass', 'coffee', 'table']","['O', 'O', 'O', 'O', 'B-PRODUCT', 'I-PRODUCT']"
"['karsyn', 'long', 'farmhouse', 'reclaimed', 'pine', 'wood', 'dining', 'table', 'coned', 'shape', 'legs']","['O', 'O', 'O', 'O', 'O', 'O', 'O', 'B-PRODUCT', 'O', 'O', 'O']"
"['tiffany', 'custom', 'sofa', 'stylish', 'slope', 'arm', 'couch', 'beige', 'venice', 'sand']","['O', 'O', 'B-PRODUCT', 'O', 'O', 'O', 'B-PRODUCT', 'O', 'O', 'O']"
"['audree', 'rustic', 'reclaimed', 'wood', 'dining', 'table', 'natural', 'brown', 'finish']","['O', 'O', 'O', 'O', 'O', 'B-PRODUCT', 'O', 'O', 'O']"
"['duncan', 'fabric', 'accent', 'chair']","['O', 'O', 'O', 'B-PRODUCT']"
"['countour', 'custom', 'lsectional', 'upholstered']","['O', 'O', 'O', 'O']"
"['merced', 'custom', 'couch', 'midcentury', 'sofa', 'arm', 'slope']","['O', 'O', 'B-PRODUCT', 'O', 'B-PRODUCT', 'O', 'O']"
"['monolith', 'modern', 'l', 'sectional', 'sofa', 'made', 'to', 'order', 'any', 'size', 'color']","['O', 'O', 'O', 'B-PRODUCT', 'I-PRODUCT', 'O', 'O', 'O', 'O', 'O', 'O']"
"['tiffany', 'lshape', 'sofa', 'sectional', 'with', 'modern', 'slope', 'arm', 'design']","['O', 'O', 'B-PRODUCT', 'O', 'O', 'O', 'O', 'O', 'O']"
"['jasper', 'custom', 'sectional', 'sofa', 'l', 'shape', 'upholstered']","['O', 'O', 'B-PRODUCT', 'I-PRODUCT', 'O', 'O', 'O']"
"['opus', 'customizable', 'sectional', 'couch', 'with', 'round', 'sofa', 'arms', 'wood', 'legs']","['O', 'O', 'O', 'B-PRODUCT', 'O', 'O', 'B-PRODUCT', 'O', 'O', 'O']"
"['astor', 'platinum', 'power', 'lift', 'recliner']","['O', 'O', 'O', 'O', 'B-PRODUCT']"
"['james', 'power', 'wall', 'recliner']","['O', 'O', 'O', 'B-PRODUCT']"
"['james', 'reclining', 'loveseat', 'w', 'console']","['O', 'O', 'O', 'O', 'B-PRODUCT']"
"['james', 'power', 'reclining', 'loveseat', 'w', 'console']","['O', 'O', 'O', 'O', 'O', 'B-PRODUCT']"
"['lancer', 'wall', 'recliner']","['O', 'O', 'B-PRODUCT']"
"['james', 'power', 'rocking', 'recliner']","['O', 'O', 'O', 'B-PRODUCT']"
"['james', 'silver', 'power', 'lift', 'recliner']","['O', 'O', 'O', 'O', 'B-PRODUCT']"
"['james', 'power', 'reclining', 'loveseat']","['O', 'O', 'O', 'O']"
"['james', 'reclining', 'loveseat']","['O', 'O', 'O']"
"['daphne', 'wedge', 'sectional']","['O', 'O', 'O']"
"['james', 'power', 'reclining', 'sofa']","['O', 'O', 'O', 'B-PRODUCT']"
"['james', 'leftarm', 'sitting', 'recliner']","['O', 'O', 'O', 'B-PRODUCT']"
"['james', 'power', 'wall', 'recliner', 'w', 'headrest']","['O', 'O', 'O', 'B-PRODUCT', 'O', 'O']"
"['james', 'rightarm', 'sitting', 'reclining', 'loveseat']","['O', 'O', 'O', 'O', 'O']"
"['james', 'leftarm', 'sitting', 'reclining', 'loveseat']","['O', 'O', 'O', 'O', 'O']"
"['james', 'armless', 'recliner']","['O', 'O', 'B-PRODUCT']"
"['james', 'power', 'rocking', 'recliner', 'w', 'headrest', 'lumbar']","['O', 'O', 'O', 'B-PRODUCT', 'O', 'O', 'O']"
"['james', 'rightarm', 'sitting', 'recliner']","['O', 'O', 'O', 'B-PRODUCT']"
"['classic', 'leather', 'living', 'room', 'set', 'livingroomset']","['O', 'O', 'O', 'O', 'O', 'O']"
"['classic', 'leather', 'chair', 'chair']","['O', 'O', 'B-PRODUCT', 'B-PRODUCT']"
"['james', 'power', 'rocking', 'recliner', 'w', 'headrest']","['O', 'O', 'O', 'B-PRODUCT', 'O', 'O']"
"['classic', 'leather', 'love', 'seat']","['O', 'O', 'B-PRODUCT', 'I-PRODUCT']"
"['james', 'armless', 'chair']","['O', 'O', 'B-PRODUCT']"
"['james', 'rounded', 'corner']","['O', 'O', 'O']"
"['james', 'wall', 'recliner']","['O', 'O', 'B-PRODUCT']"
"['james', 'rocking', 'recliner']","['O', 'O', 'B-PRODUCT']"
"['tokyo', 'armchair']","['O', 'B-PRODUCT']"
"['tokyo', 'dining', 'chair']","['O', 'O', 'B-PRODUCT']"
"['japan', 'armchair']","['O', 'B-PRODUCT']"
"['sunproof', 'adirondack', 'cushions']","['O', 'O', 'O']"
"['steamer', 'lounge', 'cushion']","['O', 'O', 'B-PRODUCT']"
"['japan', 'dining', 'chair']","['O', 'O', 'B-PRODUCT']"
"['olivia', 'sun', 'lounge', 'cushion']","['O', 'O', 'O', 'B-PRODUCT']"
"['portsea', 'traditional', 'sun', 'lounge', 'cushions', 'all', 'weather']","['O', 'O', 'O', 'O', 'O', 'O', 'O']"
['dolzago'],['O']
"['silky', 'loop']","['O', 'O']"
"['sareer', 'cool', 'blue', 'pocket', 'memory', 'matrah', 'mattress']","['O', 'O', 'O', 'O', 'O', 'O', 'B-PRODUCT']"
"['sareer', 'pocket', 'sprung', 'mattress']","['O', 'O', 'O', 'B-PRODUCT']"
"['sareer', 'pocket', 'gel', 'memory', 'mattress']","['O', 'O', 'O', 'O', 'B-PRODUCT']"
"['sareer', 'pocket', 'memory', 'matrah', 'mattress']","['O', 'O', 'O', 'O', 'B-PRODUCT']"
"['sareer', 'matrah', 'cool', 'blue', 'memory', 'coil', 'mattress']","['O', 'O', 'O', 'O', 'O', 'O', 'B-PRODUCT']"
"['sareer', 'pocket', 'sprung', 'matrah', 'mattress']","['O', 'O', 'O', 'O', 'B-PRODUCT']"
"['sareer', 'orthopaedic', 'memory', 'matrah', 'mattress']","['O', 'O', 'O', 'O', 'B-PRODUCT']"
"['sareer', 'memory', 'foam', 'matrah', 'mattress']","['O', 'O', 'O', 'O', 'B-PRODUCT']"
"['sareer', 'memory', 'coil', 'matrah', 'mattress']","['O', 'O', 'O', 'O', 'B-PRODUCT']"
"['sareer', 'orthopaedic', 'matrah', 'mattress']","['O', 'O', 'O', 'B-PRODUCT']"
"['sareer', 'kids', 'memory', 'foam', 'matrah', 'mattress']","['O', 'O', 'O', 'O', 'O', 'B-PRODUCT']"
"['sareer', 'economical', 'matrah', 'mattress']","['O', 'O', 'O', 'B-PRODUCT']"
"['arrow', 'accent', 'chair', 'fabric']","['O', 'O', 'B-PRODUCT', 'O']"
"['arrow', 'accent', 'chair', 'leather']","['O', 'O', 'B-PRODUCT', 'O']"
"['adona', 'festival', 'gift', 'card']","['O', 'O', 'O', 'O']"
"['adona', 'elanza', 'tapered', 'headboard', 'queen', 'bed', 'wbox', 'storage']","['O', 'O', 'O', 'B-PRODUCT', 'O', 'B-PRODUCT', 'O', 'O']"
"['adona', 'cordoba', 'single', 'bed', 'with', 'paneled', 'headboard', 'and', 'footboard']","['O', 'O', 'O', 'B-PRODUCT', 'O', 'O', 'B-PRODUCT', 'O', 'O']"
"['adona', 'evita', 'door', 'wardrobe', 'with', 'drawers', 'and', 'long', 'handles']","['O', 'O', 'O', 'B-PRODUCT', 'O', 'O', 'O', 'O', 'O']"
"['adona', 'adonica', 'fusion', 'bedside', 'table', 'wdrawer', 'in', 'plywood']","['O', 'O', 'O', 'O', 'B-PRODUCT', 'O', 'O', 'O']"
"['adona', 'mystica', 'murphy', 'wallfolding', 'single', 'bed', 'with', 'long', 'wooden', 'handle']","['O', 'O', 'O', 'O', 'O', 'B-PRODUCT', 'O', 'O', 'O', 'O']"
"['adona', 'fiona', 'light', 'woodgrain', 'finish', 'bedside', 'table', 'w', 'handleless', 'drawers']","['O', 'O', 'B-PRODUCT', 'O', 'O', 'O', 'B-PRODUCT', 'O', 'O', 'O']"
"['adona', 'paloma', 'bedside', 'table', 'w', 'handleless', 'drawers']","['O', 'O', 'O', 'B-PRODUCT', 'O', 'O', 'O']"
['bedrooms'],['O']
"['adona', 'tiara', 'bedside', 'table', 'wdrawer', 'and', 'open', 'shelf']","['O', 'O', 'O', 'B-PRODUCT', 'O', 'O', 'O', 'B-PRODUCT']"
"['wall', 'sconce']","['O', 'B-PRODUCT']"
"['black', 'white', 'abstract', 'polished', 'marble', 'bowl']","['O', 'O', 'O', 'O', 'O', 'O']"
"['thick', 'cut', 'petrified', 'wood', 'plate']","['O', 'O', 'O', 'O', 'O']"
"['trunk', 'chair', 'and', 'ottoman']","['O', 'B-PRODUCT', 'O', 'B-PRODUCT']"
"['natural', 'petrified', 'wood', 'plate']","['O', 'O', 'O', 'O']"
"['tube', 'lamp']","['O', 'B-PRODUCT']"
"['saladino', 'lamp']","['O', 'B-PRODUCT']"
"['shoelace', 'ottoman']","['O', 'B-PRODUCT']"
"['new', 'york', 'ottoman']","['O', 'O', 'B-PRODUCT']"
"['xxx', 'breakfast', 'table']","['O', 'O', 'B-PRODUCT']"
"['xxx', 'dining', 'table']","['O', 'O', 'B-PRODUCT']"
"['atlantic', 'ottoman']","['O', 'B-PRODUCT']"
"['tripod', 'end', 'table']","['O', 'B-PRODUCT', 'I-PRODUCT']"
"['threelegged', 'coffee', 'table']","['O', 'B-PRODUCT', 'I-PRODUCT']"
"['terrazzo', 'table']","['O', 'B-PRODUCT']"
"['saladino', 'desk']","['O', 'B-PRODUCT']"
"['square', 'duplex', 'table', 'ottoman']","['O', 'O', 'B-PRODUCT', 'B-PRODUCT']"
"['rotunda', 'table']","['O', 'B-PRODUCT']"
"['chariot', 'table']","['O', 'B-PRODUCT']"
"['large', 'oval', 'night', 'table']","['O', 'O', 'O', 'B-PRODUCT']"
"['game', 'table']","['B-PRODUCT', 'I-PRODUCT']"
"['barclay', 'console']","['O', 'B-PRODUCT']"
"['tulip', 'chair']","['O', 'B-PRODUCT']"
"['villa', 'chair']","['O', 'B-PRODUCT']"
"['tejas', 'chair', 'ottoman']","['O', 'B-PRODUCT', 'B-PRODUCT']"
"['lounge', 'chair']","['B-PRODUCT', 'I-PRODUCT']"
"['scallop', 'chair']","['O', 'B-PRODUCT']"
"['millbrook', 'chair']","['O', 'B-PRODUCT']"
"['sleigh', 'chair']","['O', 'B-PRODUCT']"
"['lotus', 'chair']","['O', 'B-PRODUCT']"
"['high', 'back', 'villa', 'chair']","['O', 'O', 'O', 'B-PRODUCT']"
"['high', 'back', 'recliner', 'chair']","['O', 'O', 'B-PRODUCT', 'B-PRODUCT']"
"['club', 'chair']","['B-PRODUCT', 'I-PRODUCT']"
"['crystal', 'chair']","['O', 'B-PRODUCT']"
"['audrey', 'chair']","['O', 'B-PRODUCT']"
"['harley', 'chair']","['O', 'B-PRODUCT']"
"['calla', 'chair']","['O', 'B-PRODUCT']"
"['cassandra', 'chair']","['O', 'B-PRODUCT']"
"['lw', 'perching', 'stool']","['O', 'O', 'B-PRODUCT']"
"['cromwell', 'bench']","['O', 'B-PRODUCT']"
"['villa', 'settee']","['O', 'B-PRODUCT']"
"['curved', 'bench']","['O', 'B-PRODUCT']"
"['trunk', 'sofa']","['O', 'B-PRODUCT']"
"['tuscan', 'sofa']","['O', 'B-PRODUCT']"
"['bridge', 'bench']","['O', 'B-PRODUCT']"
"['shelter', 'sleeper', 'sofa']","['O', 'B-PRODUCT', 'I-PRODUCT']"
"['summer', 'sofa']","['O', 'B-PRODUCT']"
"['landau', 'sofa']","['O', 'B-PRODUCT']"
"['spiral', 'chaise', 'lounge']","['O', 'B-PRODUCT', 'I-PRODUCT']"
"['shelter', 'sofa']","['O', 'B-PRODUCT']"
"['santa', 'barbara', 'sofa']","['O', 'O', 'B-PRODUCT']"
"['tripod', 'pullup', 'table']","['O', 'O', 'B-PRODUCT']"
"['audrey', 'sofa']","['O', 'B-PRODUCT']"
"['club', 'sofa']","['O', 'B-PRODUCT']"
"['angle', 'sofa']","['O', 'B-PRODUCT']"
"['high', 'back', 'loveseat']","['O', 'O', 'O']"
['solitude'],['O']
"['cape', 'sofa']","['O', 'B-PRODUCT']"
"['living', 'rooms']","['O', 'O']"
"['dining', 'rooms']","['O', 'O']"
['kitchens'],['O']
['commercial'],['O']
['bathrooms'],['O']
"['ladder', 'back', 'dining', 'chair']","['O', 'O', 'O', 'B-PRODUCT']"
"['single', 'pedestal', 'computer', 'desk']","['O', 'O', 'O', 'B-PRODUCT']"
"['monks', 'bench']","['O', 'B-PRODUCT']"
"['corner', 'computer', 'desk']","['O', 'O', 'B-PRODUCT']"
"['filling', 'cabinet']","['O', 'B-PRODUCT']"
"['telephone', 'table']","['O', 'B-PRODUCT']"
"['nest', 'of', 'tables']","['O', 'O', 'O']"
"['medium', 'console', 'table']","['O', 'B-PRODUCT', 'B-PRODUCT']"
"['side', 'cabinet']","['O', 'B-PRODUCT']"
"['nest', 'of', 'tables']","['O', 'O', 'O']"
"['coffee', 'table']","['B-PRODUCT', 'I-PRODUCT']"
"['large', 'coffee', 'table']","['O', 'B-PRODUCT', 'I-PRODUCT']"
"['large', 'tv', 'unit', 'door']","['O', 'O', 'O', 'O']"
"['small', 'tv', 'unit']","['O', 'O', 'O']"
"['corner', 'tv', 'unit']","['O', 'O', 'O']"
"['medium', 'bookcase']","['O', 'B-PRODUCT']"
"['small', 'bookcase']","['O', 'B-PRODUCT']"
"['small', 'narrow', 'bookcase']","['O', 'O', 'B-PRODUCT']"
"['glazed', 'display', 'cabinet']","['O', 'B-PRODUCT', 'I-PRODUCT']"
"['small', 'cupboard', 'drawer']","['O', 'B-PRODUCT', 'O']"
"['lilli', 'seat', 'garden', 'swing', 'seat', 'only']","['O', 'B-PRODUCT', 'O', 'O', 'B-PRODUCT', 'O']"
"['door', 'cupboard']","['O', 'B-PRODUCT']"
"['corner', 'cabinet']","['O', 'B-PRODUCT']"
"['door', 'sideboard']","['O', 'B-PRODUCT']"
"['small', 'dresser', 'top']","['O', 'B-PRODUCT', 'O']"
"['door', 'sideboard']","['O', 'B-PRODUCT']"
"['large', 'extending', 'table']","['O', 'O', 'B-PRODUCT']"
"['small', 'door', 'drawer', 'sideboard']","['O', 'O', 'O', 'B-PRODUCT']"
"['small', 'extending', 'table']","['O', 'O', 'B-PRODUCT']"
"['terassi', 'seat', 'garden', 'swing', 'seat', 'only']","['O', 'B-PRODUCT', 'O', 'O', 'B-PRODUCT', 'O']"
"['pepe', 'furniture', 'protector']","['O', 'B-PRODUCT', 'O']"
"['mini', 'extending', 'table']","['O', 'O', 'B-PRODUCT']"
"['terassi', 'seat', 'garden', 'swing']","['O', 'B-PRODUCT', 'O', 'O']"
"['lilli', 'seat', 'garden', 'swing']","['O', 'B-PRODUCT', 'O', 'O']"
"['triple', 'pinch', 'pleat', 'curtains', 'in', 'gpj', 'baker', 'calthorpe']","['O', 'O', 'O', 'B-PRODUCT', 'O', 'O', 'O', 'O']"
"['double', 'pair', 'of', 'triple', 'pinch', 'pleat', 'curtains', 'in', 'zoffany', 'desert', 'flower']","['O', 'O', 'O', 'O', 'O', 'O', 'B-PRODUCT', 'O', 'O', 'O', 'O']"
"['pair', 'of', 'triple', 'pinch', 'pleat', 'curtains', 'in', 'zoffany', 'suzani', 'archive', 'embroidery']","['O', 'O', 'O', 'O', 'O', 'B-PRODUCT', 'O', 'O', 'O', 'O', 'O']"
"['fox', 'linen', 'cushion']","['O', 'O', 'B-PRODUCT']"
"['bee', 'cushion']","['O', 'B-PRODUCT']"
"['corston', 'turntable', 'stand']","['O', 'O', 'O']"
"['marston', 'wide', 'tv', 'stand', 'on', 'minimalist', 'square', 'legs']","['O', 'O', 'O', 'O', 'O', 'O', 'O', 'O']"
"['corston', 'vinyl', 'storage', 'cube', 'shelving']","['O', 'O', 'O', 'O', 'O']"
"['stack', 'record', 'player', 'stand', 'on', 'minimalist', 'square', 'legs']","['O', 'O', 'O', 'O', 'O', 'O', 'O', 'O']"
"['marston', 'wide', 'console', 'table', 'on', 'mid', 'century', 'hairpin', 'legs']","['O', 'O', 'B-PRODUCT', 'B-PRODUCT', 'O', 'O', 'O', 'O', 'O']"
"['wiemann', 'miami']","['O', 'O']"
"['wiemann', 'miami']","['O', 'O']"
"['maysons', 'roma', 'collection']","['O', 'O', 'O']"
"['maysons', 'modena', 'collection']","['O', 'O', 'O']"
"['maysons', 'lazio', 'collection']","['O', 'O', 'O']"
"['maysons', 'portofino', 'drawer', 'bedside']","['O', 'O', 'O', 'O']"
"['wood', 'samples']","['O', 'O']"
"['four', 'poster', 'bed', 'golden', 'oak']","['O', 'O', 'B-PRODUCT', 'O', 'O']"
"['set', 'cm', 'x', 'cm', 'white', 'marble', 'table', 'tulip', 'side', 'arm', 'chairs']","['O', 'O', 'O', 'O', 'O', 'O', 'B-PRODUCT', 'O', 'O', 'O', 'O']"
"['set', 'cm', 'white', 'marble', 'circular', 'table', 'tulip', 'arm', 'chairs']","['O', 'O', 'O', 'O', 'O', 'B-PRODUCT', 'O', 'O', 'O']"
"['white', 'carrara', 'marble', 'x', 'cm', 'oval', 'table', 'tulip', 'side', 'chairs']","['O', 'O', 'O', 'O', 'O', 'O', 'B-PRODUCT', 'O', 'O', 'O']"
"['set', 'cm', 'white', 'marble', 'circular', 'table', 'tulip', 'side', 'chairs']","['O', 'O', 'O', 'O', 'O', 'B-PRODUCT', 'O', 'O', 'O']"
"['set', 'cm', 'x', 'cm', 'walnut', 'veneer', 'oval', 'table', 'tulip', 'side', 'arm', 'cha']","['O', 'O', 'O', 'O', 'O', 'O', 'O', 'B-PRODUCT', 'O', 'O', 'O', 'O']"
"['set', 'cm', 'x', 'cm', 'black', 'marble', 'oval', 'table', 'tulip', 'side', 'chairs']","['O', 'O', 'O', 'O', 'O', 'O', 'O', 'B-PRODUCT', 'O', 'O', 'O']"
"['set', 'cm', 'x', 'cm', 'white', 'marble', 'table', 'tulip', 'side', 'arm', 'chairs']","['O', 'O', 'O', 'O', 'O', 'O', 'B-PRODUCT', 'O', 'O', 'O', 'O']"
"['set', 'cm', 'x', 'cm', 'white', 'oval', 'tulip', 'table', 'side', 'tulip', 'arm', 'chairs']","['O', 'O', 'O', 'O', 'O', 'O', 'O', 'B-PRODUCT', 'O', 'O', 'O', 'O']"
"['avocca', 'coffee', 'table', 'teak']","['O', 'B-PRODUCT', 'I-PRODUCT', 'O']"
"['avocca', 'coffee', 'table', 'white']","['O', 'B-PRODUCT', 'I-PRODUCT', 'O']"
"['antique', 'long', 'bench']","['O', 'O', 'B-PRODUCT']"
"['noho', 'move', 'topper']","['O', 'O', 'O']"
"['auxiliary', 'bedside']","['O', 'O']"
"['lightly', 'set', 'of']","['O', 'O', 'O']"
"['noho', 'gift', 'card']","['O', 'O', 'O']"
